[{"__type__":"cc.BitmapFont","_name":"yellow_font","spriteFrame":{"__uuid__":"efbUZJsi9ETqseumHg8iDA"},"fontSize":32,"_fntConfig":{"commonHeight":32,"fontSize":32,"atlasName":"yellow_font.png","fontDefDictionary":{"33":{"rect":{"x":18,"y":36,"width":4,"height":11},"xOffset":0,"yOffset":0,"xAdvance":4},"49":{"rect":{"x":64,"y":36,"width":7,"height":10},"xOffset":0,"yOffset":0,"xAdvance":7},"50":{"rect":{"x":34,"y":36,"width":9,"height":10},"xOffset":0,"yOffset":0,"xAdvance":9},"51":{"rect":{"x":44,"y":36,"width":9,"height":10},"xOffset":0,"yOffset":0,"xAdvance":9},"52":{"rect":{"x":23,"y":36,"width":10,"height":10},"xOffset":0,"yOffset":0,"xAdvance":10},"53":{"rect":{"x":54,"y":36,"width":9,"height":10},"xOffset":0,"yOffset":0,"xAdvance":9},"54":{"rect":{"x":0,"y":48,"width":9,"height":10},"xOffset":0,"yOffset":0,"xAdvance":9},"55":{"rect":{"x":10,"y":48,"width":9,"height":10},"xOffset":0,"yOffset":0,"xAdvance":9},"56":{"rect":{"x":20,"y":48,"width":9,"height":10},"xOffset":0,"yOffset":0,"xAdvance":9},"65":{"rect":{"x":9,"y":12,"width":8,"height":11},"xOffset":0,"yOffset":0,"xAdvance":8},"66":{"rect":{"x":18,"y":12,"width":8,"height":11},"xOffset":0,"yOffset":0,"xAdvance":8},"67":{"rect":{"x":27,"y":12,"width":8,"height":11},"xOffset":0,"yOffset":0,"xAdvance":8},"68":{"rect":{"x":36,"y":12,"width":8,"height":11},"xOffset":0,"yOffset":0,"xAdvance":8},"69":{"rect":{"x":45,"y":12,"width":8,"height":11},"xOffset":0,"yOffset":0,"xAdvance":8},"70":{"rect":{"x":54,"y":12,"width":8,"height":11},"xOffset":0,"yOffset":0,"xAdvance":8},"71":{"rect":{"x":63,"y":12,"width":8,"height":11},"xOffset":0,"yOffset":0,"xAdvance":8},"72":{"rect":{"x":0,"y":24,"width":8,"height":11},"xOffset":0,"yOffset":0,"xAdvance":8},"73":{"rect":{"x":0,"y":0,"width":8,"height":11},"xOffset":0,"yOffset":0,"xAdvance":8},"74":{"rect":{"x":18,"y":24,"width":8,"height":11},"xOffset":0,"yOffset":0,"xAdvance":8},"75":{"rect":{"x":27,"y":24,"width":8,"height":11},"xOffset":0,"yOffset":0,"xAdvance":8},"76":{"rect":{"x":36,"y":24,"width":8,"height":11},"xOffset":0,"yOffset":0,"xAdvance":8},"77":{"rect":{"x":45,"y":24,"width":8,"height":11},"xOffset":0,"yOffset":0,"xAdvance":8},"78":{"rect":{"x":54,"y":24,"width":8,"height":11},"xOffset":0,"yOffset":0,"xAdvance":8},"79":{"rect":{"x":63,"y":24,"width":8,"height":11},"xOffset":0,"yOffset":0,"xAdvance":8},"80":{"rect":{"x":0,"y":36,"width":8,"height":11},"xOffset":0,"yOffset":0,"xAdvance":8},"81":{"rect":{"x":9,"y":36,"width":8,"height":11},"xOffset":0,"yOffset":0,"xAdvance":8},"82":{"rect":{"x":9,"y":0,"width":8,"height":11},"xOffset":0,"yOffset":0,"xAdvance":8},"83":{"rect":{"x":18,"y":0,"width":8,"height":11},"xOffset":0,"yOffset":0,"xAdvance":8},"84":{"rect":{"x":27,"y":0,"width":8,"height":11},"xOffset":0,"yOffset":0,"xAdvance":8},"85":{"rect":{"x":36,"y":0,"width":8,"height":11},"xOffset":0,"yOffset":0,"xAdvance":8},"86":{"rect":{"x":45,"y":0,"width":8,"height":11},"xOffset":0,"yOffset":0,"xAdvance":8},"87":{"rect":{"x":54,"y":0,"width":8,"height":11},"xOffset":0,"yOffset":0,"xAdvance":8},"88":{"rect":{"x":63,"y":0,"width":8,"height":11},"xOffset":0,"yOffset":0,"xAdvance":8},"89":{"rect":{"x":0,"y":12,"width":8,"height":11},"xOffset":0,"yOffset":0,"xAdvance":8},"90":{"rect":{"x":9,"y":24,"width":8,"height":11},"xOffset":0,"yOffset":0,"xAdvance":8}},"kerningDict":{}}},{"__type__":"cc.SpriteFrame","content":{"name":"menu_bg","texture":"144zWCv3BMM7gwIEwys73T","rect":[0,0,240,136],"offset":[0,0],"originalSize":[240,136],"capInsets":[0,0,0,0]}},{"__type__":"cc.SpriteFrame","content":{"name":"title_1","texture":"61UGCHsH1Hq5klIM5OlbiN","rect":[2,1,133,94],"offset":[0,0.5],"originalSize":[137,97],"capInsets":[0,0,0,0]}},{"__type__":"cc.SpriteFrame","content":{"name":"yellow_font","texture":"78Tf9AoVtC47C98SA/iYIO","rect":[0,0,71,58],"offset":[-0.5,7],"originalSize":[72,72],"capInsets":[0,0,0,0]}},{"__type__":"cc.SpriteFrame","content":{"name":"default_btn_normal","texture":"e8Ueib+qJEhL6mXAHdnwbi","rect":[0,0,40,40],"offset":[0,0],"originalSize":[40,40],"capInsets":[12,12,12,12]}},[{"__type__":"cc.SceneAsset","_name":"menu","scene":{"__id__":1},"asyncLoadAssets":{}},{"__type__":"cc.Scene","_name":"New Node","_children":[{"__id__":2},{"__id__":4},{"__id__":5}],"_anchorPoint":{"__type__":"cc.Vec2"},"_trs":{"__type__":"TypedArray","ctor":"Float64Array","array":[0,0,0,0,0,0,1,1,1,1]},"autoReleaseAssets":true},{"__type__":"cc.Node","_name":"Canvas","_parent":{"__id__":1},"_children":[{"__id__":3}],"_components":[{"__type__":"cc.Canvas","node":{"__id__":2}}],"_contentSize":{"__type__":"cc.Size","width":960,"height":640},"_trs":{"__type__":"TypedArray","ctor":"Float64Array","array":[480,320,0,0,0,0,1,1,1,1]},"_id":"e0icBecRVNfK9k2+dF4cdD"},{"__type__":"cc.Node","_name":"Main Camera","_parent":{"__id__":2},"_components":[{"__type__":"cc.Camera","node":{"__id__":3},"_clearFlags":7,"_depth":-1,"_zoomRatio":1.4}],"_trs":{"__type__":"TypedArray","ctor":"Float64Array","array":[-14,24,554.2562584220408,0,0,0,1,1,1,1]}},{"__type__":"cc.Node","_name":"background","_parent":{"__id__":1},"_components":[{"__type__":"cc.Sprite","node":{"__id__":4},"_materials":[{"__uuid__":"ecpdLyjvZBwrvm+cedCcQy"}],"_spriteFrame":{"__uuid__":"87d0LG629D8qRf45h5qNpZ"},"_sizeMode":0},{"__type__":"05a54WDu0JEl4uJ6SzNQp9e","node":{"__id__":4}}],"_contentSize":{"__type__":"cc.Size","width":720,"height":540},"_trs":{"__type__":"TypedArray","ctor":"Float64Array","array":[473.143,345.143,0,0,0,0,1,1,1,1]},"_id":"964n3VUBRKdJPEQyGssIu/"},{"__type__":"cc.Node","_name":"New Button","_parent":{"__id__":1},"_children":[{"__id__":6}],"_components":[{"__id__":8},{"__type__":"05a54WDu0JEl4uJ6SzNQp9e","node":{"__id__":5},"button":{"__id__":8}}],"_contentSize":{"__type__":"cc.Size","width":130,"height":70},"_trs":{"__type__":"TypedArray","ctor":"Float64Array","array":[464,301.714,0,0,0,0,1,1,1,1]},"_id":"42bJ/AdexGHp/f0d6eN6Zw"},{"__type__":"cc.Node","_name":"Background","_parent":{"__id__":5},"_children":[{"__id__":7}],"_components":[{"__type__":"cc.Sprite","node":{"__id__":6},"_materials":[{"__uuid__":"ecpdLyjvZBwrvm+cedCcQy"}],"_spriteFrame":{"__uuid__":"bbGc6Sjv9EaqPR5nBQzhd5"},"_type":1,"_sizeMode":0},{"__type__":"cc.Widget","node":{"__id__":6},"alignMode":0,"_alignFlags":45,"_originalWidth":100,"_originalHeight":40}],"_contentSize":{"__type__":"cc.Size","width":130,"height":70},"_trs":{"__type__":"TypedArray","ctor":"Float64Array","array":[0,0,0,0,0,0,1,1,1,1]}},{"__type__":"cc.Node","_name":"Label","_parent":{"__id__":6},"_components":[{"__type__":"cc.Label","node":{"__id__":7},"_materials":[{"__uuid__":"ecpdLyjvZBwrvm+cedCcQy"}],"_useOriginalSize":false,"_enableWrapText":false,"_N$file":{"__uuid__":"4f+IxkEXdNxKLHw3D1KCrV"},"_isSystemFontUsed":false,"_N$horizontalAlign":1,"_N$verticalAlign":1,"_N$overflow":1}],"_color":{"__type__":"cc.Color"},"_contentSize":{"__type__":"cc.Size","width":130,"height":70},"_trs":{"__type__":"TypedArray","ctor":"Float64Array","array":[0,-9.143,0,0,0,0,1,1,1,1]}},{"__type__":"cc.Button","node":{"__id__":5},"_normalMaterial":{"__uuid__":"ecpdLyjvZBwrvm+cedCcQy"},"clickEvents":[{"__type__":"cc.ClickEvent","target":{"__id__":5},"_componentId":"cc.Button"}],"_N$transition":2,"transition":2,"_N$normalColor":{"__type__":"cc.Color","r":230,"g":230,"b":230},"_N$pressedColor":{"__type__":"cc.Color","r":200,"g":200,"b":200},"pressedColor":{"__type__":"cc.Color","r":200,"g":200,"b":200},"_N$disabledColor":{"__type__":"cc.Color","r":120,"g":120,"b":120,"a":200},"_N$normalSprite":{"__uuid__":"bbGc6Sjv9EaqPR5nBQzhd5"},"_N$pressedSprite":{"__uuid__":"f0BIwQ8D5Ml7nTNQbh1YlS"},"pressedSprite":{"__uuid__":"f0BIwQ8D5Ml7nTNQbh1YlS"},"_N$hoverSprite":{"__uuid__":"bbGc6Sjv9EaqPR5nBQzhd5"},"hoverSprite":{"__uuid__":"bbGc6Sjv9EaqPR5nBQzhd5"},"_N$disabledSprite":{"__uuid__":"bbGc6Sjv9EaqPR5nBQzhd5"},"_N$target":{"__id__":6}}]]