{
  "__type__": "cc.AnimationClip",
  "_name": "move",
  "_objFlags": 0,
  "_native": "",
  "_duration": 0.18333333333333332,
  "sample": 60,
  "speed": 1,
  "wrapMode": 2,
  "curveData": {
    "comps": {
      "cc.Sprite": {
        "spriteFrame": [
          {
            "frame": 0,
            "value": {
              "__uuid__": "d1eb0c2e-ccdb-4f5a-aa4b-9bc19978433e"
            }
          },
          {
            "frame": 0.08333333333333333,
            "value": {
              "__uuid__": "f19d539c-2223-430a-a2ad-fd292a5a97af"
            }
          },
          {
            "frame": 0.16666666666666666,
            "value": {
              "__uuid__": "28aae8e8-ecfe-471d-aee4-c0f403e12bf1"
            }
          }
        ]
      }
    }
  },
  "events": []
}