{
  "__type__": "cc.SpriteAtlas",
  "_name": "Goomba.plist",
  "_objFlags": 0,
  "_native": "",
  "_spriteFrames": {
    "Goomba_0": {
      "__uuid__": "709a4f46-79cc-4534-be3c-d75b4f4bb077"
    },
    "Goomba_1": {
      "__uuid__": "1bfb40bb-ef1d-4046-ad1c-26e1b01f5359"
    },
    "Goomba_2": {
      "__uuid__": "f82c74d1-02f9-48f6-8ee1-eabbac2879b8"
    },
    "Goomba_3": {
      "__uuid__": "d69d6f5b-32db-49b1-a3c6-acbae9296907"
    },
    "Goomba_4": {
      "__uuid__": "afc6e922-cda7-46a2-87ff-47eb8d8a9d45"
    }
  }
}