{
  "__type__": "cc.SpriteAtlas",
  "_name": "mario_big.plist",
  "_objFlags": 0,
  "_native": "",
  "_spriteFrames": {
    "mario_big_0": {
      "__uuid__": "b8a77b09-4fb2-4600-938a-c372883a3323"
    },
    "mario_big_1": {
      "__uuid__": "801fdc0c-f8d4-4e27-a45a-5d8d204589ca"
    },
    "mario_big_10": {
      "__uuid__": "ca8fa802-bb55-4f97-b8b2-ceb7d267f063"
    },
    "mario_big_11": {
      "__uuid__": "c2fe5f0e-62bf-4651-81f8-845eb9e931a0"
    },
    "mario_big_12": {
      "__uuid__": "731e666d-0aad-47c7-890c-3b3ef91d6604"
    },
    "mario_big_13": {
      "__uuid__": "84953951-bad7-4f68-8bb5-48fad7187262"
    },
    "mario_big_14": {
      "__uuid__": "f8083e68-5235-421e-b8e1-0040ca8cfbbd"
    },
    "mario_big_15": {
      "__uuid__": "28fd045c-b9f0-4c0c-9cbb-12e323c89d53"
    },
    "mario_big_16": {
      "__uuid__": "b4ae3c41-70ad-4278-9501-42de87acb4fd"
    },
    "mario_big_17": {
      "__uuid__": "1c04fd02-707e-47e1-9a98-c8f920c1d9ec"
    },
    "mario_big_18": {
      "__uuid__": "b7816b51-6e56-400d-bbf5-02046f0baf31"
    },
    "mario_big_19": {
      "__uuid__": "0fba8f29-d13f-4c56-a901-67e573649909"
    },
    "mario_big_2": {
      "__uuid__": "952e9e44-cdc7-4b9d-a970-4b68a6492893"
    },
    "mario_big_20": {
      "__uuid__": "105d3a0a-0b7a-4202-abcd-b4327ffa3a8a"
    },
    "mario_big_21": {
      "__uuid__": "4c6f8423-22e3-450d-83ca-2cea193d3b56"
    },
    "mario_big_22": {
      "__uuid__": "27b5060f-33d1-45d6-803a-235042b42168"
    },
    "mario_big_23": {
      "__uuid__": "93050163-09b4-4990-8138-fdd8229496d8"
    },
    "mario_big_24": {
      "__uuid__": "6c60d8c8-5885-4748-b4cc-dc45d656f475"
    },
    "mario_big_25": {
      "__uuid__": "e17c95ac-fabf-4746-8ff7-77178b56bfa2"
    },
    "mario_big_26": {
      "__uuid__": "888597b6-b024-4dd0-b493-7af02a14ef84"
    },
    "mario_big_27": {
      "__uuid__": "eae452cc-2fdf-4380-91b1-f18c0983ec65"
    },
    "mario_big_28": {
      "__uuid__": "93969c14-cacd-4ae4-abfc-45e8082ca47f"
    },
    "mario_big_29": {
      "__uuid__": "58c6e9f7-de0e-4a41-b498-80c96a486dfe"
    },
    "mario_big_3": {
      "__uuid__": "f9c2cc37-a30b-49f7-a65f-f2fbe107f550"
    },
    "mario_big_30": {
      "__uuid__": "c64d99e9-a802-48ae-a0fe-6aec66896ac1"
    },
    "mario_big_31": {
      "__uuid__": "52e8111e-5b2c-484a-99f8-b070a9ced480"
    },
    "mario_big_32": {
      "__uuid__": "cda419ae-f3bf-4153-973e-3ef8d8505f42"
    },
    "mario_big_33": {
      "__uuid__": "0232ec87-c325-4bb1-ad43-7f0db6191a7c"
    },
    "mario_big_34": {
      "__uuid__": "d59b9f26-43cd-4042-98ab-63e6754fafc2"
    },
    "mario_big_35": {
      "__uuid__": "b46c31ff-e32e-4dc4-99f6-1fe9acfd1520"
    },
    "mario_big_36": {
      "__uuid__": "3858a767-7c24-4c4a-948b-364088e94f79"
    },
    "mario_big_37": {
      "__uuid__": "b90631cc-1dc6-4cee-93fc-4a7d943531a4"
    },
    "mario_big_38": {
      "__uuid__": "0c0298f3-4fe7-4f5b-87ab-91ceffa0a8d1"
    },
    "mario_big_39": {
      "__uuid__": "21f73381-4503-493a-a37b-93a21d4c212d"
    },
    "mario_big_4": {
      "__uuid__": "41c2a620-cc5d-4658-9dd4-4cb6c21e6389"
    },
    "mario_big_40": {
      "__uuid__": "4ab98d07-54f8-4745-a94a-44b1912c46ce"
    },
    "mario_big_41": {
      "__uuid__": "8e646e07-c345-4eb3-9539-9a5717321155"
    },
    "mario_big_42": {
      "__uuid__": "ebd3c0a3-cddd-4972-bd19-948f852fe8f6"
    },
    "mario_big_43": {
      "__uuid__": "0d48a337-c74b-4fd4-8fbf-e17b7a5bb99b"
    },
    "mario_big_44": {
      "__uuid__": "f9c58721-c105-46ea-995d-fee80a6e5487"
    },
    "mario_big_5": {
      "__uuid__": "30599fbc-3bf4-4066-b2a2-ccd5c8afc31a"
    },
    "mario_big_6": {
      "__uuid__": "5fd2dc31-b4f2-4155-bbe1-f5d76ba9e797"
    },
    "mario_big_7": {
      "__uuid__": "372b4cb2-1985-4c41-97bf-ae2ef6bb18f2"
    },
    "mario_big_8": {
      "__uuid__": "72393d59-81f8-46fa-a9e6-58392527a9d1"
    },
    "mario_big_9": {
      "__uuid__": "e31f8ffd-18c8-447c-a42f-56e36ca82ed4"
    }
  }
}