[{"__type__":"cc.SpriteFrame","content":{"name":"mario_small_24","texture":"7emA1VPOpFqqxhfNL8AOIw","rect":[73,37,16,16],"offset":[0,0],"originalSize":[16,16],"capInsets":[0,0,0,0]}},{"__type__":"cc.SpriteFrame","content":{"name":"1-1-3","texture":"67whY2xLhDAojfCSfKKiwp","rect":[1296,144,1024,96],"offset":[208,-72],"originalSize":[3200,240],"capInsets":[0,0,0,0]}},{"__type__":"cc.SpriteFrame","content":{"name":"flag","texture":"1cHmv6gzpLqI9YDACREmET","rect":[33,411,149,588],"offset":[-18.5,-155],"originalSize":[252,1100],"capInsets":[0,0,0,0]}},{"__type__":"cc.SpriteFrame","content":{"name":"mario_small_25","texture":"7emA1VPOpFqqxhfNL8AOIw","rect":[91,1,16,16],"offset":[0,0],"originalSize":[16,16],"capInsets":[0,0,0,0]}},{"__type__":"cc.AnimationClip","_name":"jump","_duration":0.23333333333333334,"curveData":{"comps":{"cc.Sprite":{"spriteFrame":[{"frame":0,"value":{"__uuid__":"91wpMWmIVFfrA9XqQ0nqza"}},{"frame":0.05,"value":{"__uuid__":"d19hCJ0jdOTobX9Z7nRhTC"}},{"frame":0.08333333333333333,"value":{"__uuid__":"85+cJFY4JPhoOKBnilA3aD"}},{"frame":0.13333333333333333,"value":{"__uuid__":"28sML/e5xCpaikDAY9Dqpq"}},{"frame":0.16666666666666666,"value":{"__uuid__":"71Al93F4dMm68k1rYZb136"}},{"frame":0.21666666666666667,"value":{"__uuid__":"d3fzMuVQVA2bl1M374j8sY"}}]}}}},{"__type__":"cc.SpriteFrame","content":{"name":"mario_small_23","texture":"7emA1VPOpFqqxhfNL8AOIw","rect":[73,19,16,16],"offset":[0,0],"originalSize":[16,16],"capInsets":[0,0,0,0]}},{"__type__":"cc.SpriteFrame","content":{"name":"mario_small_14","texture":"7emA1VPOpFqqxhfNL8AOIw","rect":[19,37,16,16],"offset":[0,0],"originalSize":[16,16],"capInsets":[0,0,0,0]}},{"__type__":"cc.SpriteFrame","content":{"name":"background","texture":"39bCftU6hEyrPoyrvfnjuX","rect":[0,0,560,240],"offset":[-1320,0],"originalSize":[3200,240],"capInsets":[0,0,0,0]}},{"__type__":"cc.SpriteFrame","content":{"name":"mario_small_16","texture":"7emA1VPOpFqqxhfNL8AOIw","rect":[37,19,16,16],"offset":[0,0],"originalSize":[16,16],"capInsets":[0,0,0,0]}},{"__type__":"cc.SpriteFrame","content":{"name":"Goomba_1","texture":"f4tEcwo5ZMHqm8TRwO/VOB","rect":[23,1,20,24],"offset":[0,0],"originalSize":[20,24],"capInsets":[0,0,0,0]}},{"__type__":"cc.SpriteFrame","content":{"name":"mario_small_10","texture":"7emA1VPOpFqqxhfNL8AOIw","rect":[1,37,16,16],"offset":[0,0],"originalSize":[16,16],"capInsets":[0,0,0,0]}},{"__type__":"cc.SpriteFrame","content":{"name":"mario_small_35","texture":"7emA1VPOpFqqxhfNL8AOIw","rect":[145,37,16,16],"offset":[0,0],"originalSize":[16,16],"capInsets":[0,0,0,0]}},{"__type__":"cc.SpriteFrame","content":{"name":"mario_small_5","texture":"7emA1VPOpFqqxhfNL8AOIw","rect":[163,19,16,16],"offset":[0,0],"originalSize":[16,16],"capInsets":[0,0,0,0]}},{"__type__":"cc.SpriteFrame","content":{"name":"flower_0","texture":"e7y4sOKE1AganTRB+uVfaC","rect":[1,1,20,34],"offset":[0,0],"originalSize":[20,34],"capInsets":[0,0,0,0]}},{"__type__":"cc.SpriteFrame","content":{"name":"mario_small_9","texture":"7emA1VPOpFqqxhfNL8AOIw","rect":[181,19,16,16],"offset":[0,0],"originalSize":[16,16],"capInsets":[0,0,0,0]}},{"__type__":"cc.SpriteFrame","content":{"name":"1-1-4","texture":"2cq6zp9wVLhouXDp9VD7rs","rect":[2352,80,848,160],"offset":[1176,-40],"originalSize":[3200,240],"capInsets":[0,0,0,0]}},{"__type__":"cc.SpriteFrame","content":{"name":"mario_small_30","texture":"7emA1VPOpFqqxhfNL8AOIw","rect":[127,1,16,16],"offset":[0,0],"originalSize":[16,16],"capInsets":[0,0,0,0]}},{"__type__":"cc.SpriteFrame","content":{"name":"mario_small_22","texture":"7emA1VPOpFqqxhfNL8AOIw","rect":[73,1,16,16],"offset":[0,0],"originalSize":[16,16],"capInsets":[0,0,0,0]}},{"__type__":"cc.SpriteFrame","content":{"name":"flower_1","texture":"e7y4sOKE1AganTRB+uVfaC","rect":[1,37,20,34],"offset":[0,0],"originalSize":[20,34],"capInsets":[0,0,0,0]}},{"__type__":"cc.SpriteFrame","content":{"name":"mario_small_19","texture":"7emA1VPOpFqqxhfNL8AOIw","rect":[55,19,16,16],"offset":[0,0],"originalSize":[16,16],"capInsets":[0,0,0,0]}},{"__type__":"cc.BitmapFont","_name":"white_font","spriteFrame":{"__uuid__":"73R9NWvldJ+7iMb76xylLo"},"fontSize":32,"_fntConfig":{"commonHeight":32,"fontSize":32,"atlasName":"white_font.png","fontDefDictionary":{"48":{"rect":{"x":88,"y":18,"width":8,"height":7},"xOffset":0,"yOffset":0,"xAdvance":8},"49":{"rect":{"x":97,"y":18,"width":5,"height":7},"xOffset":0,"yOffset":0,"xAdvance":5},"50":{"rect":{"x":16,"y":18,"width":8,"height":7},"xOffset":0,"yOffset":0,"xAdvance":8},"51":{"rect":{"x":79,"y":18,"width":8,"height":7},"xOffset":0,"yOffset":0,"xAdvance":8},"52":{"rect":{"x":70,"y":18,"width":8,"height":7},"xOffset":0,"yOffset":0,"xAdvance":8},"53":{"rect":{"x":61,"y":18,"width":8,"height":7},"xOffset":0,"yOffset":0,"xAdvance":8},"54":{"rect":{"x":52,"y":18,"width":8,"height":7},"xOffset":0,"yOffset":0,"xAdvance":8},"55":{"rect":{"x":43,"y":18,"width":8,"height":7},"xOffset":0,"yOffset":0,"xAdvance":8},"56":{"rect":{"x":34,"y":18,"width":8,"height":7},"xOffset":0,"yOffset":0,"xAdvance":8},"57":{"rect":{"x":25,"y":18,"width":8,"height":7},"xOffset":0,"yOffset":0,"xAdvance":8},"65":{"rect":{"x":90,"y":0,"width":8,"height":8},"xOffset":0,"yOffset":0,"xAdvance":8},"66":{"rect":{"x":99,"y":0,"width":8,"height":8},"xOffset":0,"yOffset":0,"xAdvance":8},"67":{"rect":{"x":0,"y":9,"width":8,"height":8},"xOffset":0,"yOffset":0,"xAdvance":8},"68":{"rect":{"x":9,"y":9,"width":8,"height":8},"xOffset":0,"yOffset":0,"xAdvance":8},"69":{"rect":{"x":18,"y":9,"width":8,"height":8},"xOffset":0,"yOffset":0,"xAdvance":8},"70":{"rect":{"x":27,"y":9,"width":8,"height":8},"xOffset":0,"yOffset":0,"xAdvance":8},"71":{"rect":{"x":36,"y":9,"width":8,"height":8},"xOffset":0,"yOffset":0,"xAdvance":8},"72":{"rect":{"x":45,"y":9,"width":8,"height":8},"xOffset":0,"yOffset":0,"xAdvance":8},"73":{"rect":{"x":9,"y":18,"width":6,"height":8},"xOffset":0,"yOffset":0,"xAdvance":6},"74":{"rect":{"x":81,"y":0,"width":8,"height":8},"xOffset":0,"yOffset":0,"xAdvance":8},"75":{"rect":{"x":72,"y":0,"width":8,"height":8},"xOffset":0,"yOffset":0,"xAdvance":8},"76":{"rect":{"x":63,"y":0,"width":8,"height":8},"xOffset":0,"yOffset":0,"xAdvance":8},"77":{"rect":{"x":54,"y":0,"width":8,"height":8},"xOffset":0,"yOffset":0,"xAdvance":8},"78":{"rect":{"x":45,"y":0,"width":8,"height":8},"xOffset":0,"yOffset":0,"xAdvance":8},"79":{"rect":{"x":36,"y":0,"width":8,"height":8},"xOffset":0,"yOffset":0,"xAdvance":8},"80":{"rect":{"x":27,"y":0,"width":8,"height":8},"xOffset":0,"yOffset":0,"xAdvance":8},"81":{"rect":{"x":18,"y":0,"width":8,"height":8},"xOffset":0,"yOffset":0,"xAdvance":8},"82":{"rect":{"x":9,"y":0,"width":8,"height":8},"xOffset":0,"yOffset":0,"xAdvance":8},"83":{"rect":{"x":54,"y":9,"width":8,"height":8},"xOffset":0,"yOffset":0,"xAdvance":8},"84":{"rect":{"x":63,"y":9,"width":8,"height":8},"xOffset":0,"yOffset":0,"xAdvance":8},"85":{"rect":{"x":72,"y":9,"width":8,"height":8},"xOffset":0,"yOffset":0,"xAdvance":8},"86":{"rect":{"x":81,"y":9,"width":8,"height":8},"xOffset":0,"yOffset":0,"xAdvance":8},"87":{"rect":{"x":90,"y":9,"width":8,"height":8},"xOffset":0,"yOffset":0,"xAdvance":8},"88":{"rect":{"x":99,"y":9,"width":8,"height":8},"xOffset":0,"yOffset":0,"xAdvance":8},"89":{"rect":{"x":0,"y":18,"width":8,"height":8},"xOffset":0,"yOffset":0,"xAdvance":8},"90":{"rect":{"x":0,"y":0,"width":8,"height":8},"xOffset":0,"yOffset":0,"xAdvance":8}},"kerningDict":{}}},{"__type__":"cc.SpriteFrame","content":{"name":"mario_small_18","texture":"7emA1VPOpFqqxhfNL8AOIw","rect":[55,1,16,16],"offset":[0,0],"originalSize":[16,16],"capInsets":[0,0,0,0]}},{"__type__":"cc.SpriteAtlas","_name":"mario_small.plist","_spriteFrames":{"mario_small_0":{"__uuid__":"e3j862v7RFY6j5w2rz030J"},"mario_small_1":{"__uuid__":"b4gz+yDyhHQrULFTal+lW9"},"mario_small_10":{"__uuid__":"22nKsLh2dLnoNHFKrQS5cR"},"mario_small_11":{"__uuid__":"b5fh3gYNFHq4ZjAq6mlf4E"},"mario_small_12":{"__uuid__":"75nrUSe2NPSaUfT+om6DRz"},"mario_small_13":{"__uuid__":"e4GZorlWROHbAuNQXttLqK"},"mario_small_14":{"__uuid__":"144zRu6RRFCYk/FbwEN5r+"},"mario_small_15":{"__uuid__":"b4VLhsui9Hy5DZQcZKyI1t"},"mario_small_16":{"__uuid__":"1bIIjJjDpP/rJUFvagmNYb"},"mario_small_17":{"__uuid__":"e1NOF1hdZJiY7HCNd4bhd5"},"mario_small_18":{"__uuid__":"6d8G3C695PYLAohTulESbO"},"mario_small_19":{"__uuid__":"61nbJZXaNFFbdKkoxMbgz4"},"mario_small_2":{"__uuid__":"91wpMWmIVFfrA9XqQ0nqza"},"mario_small_22":{"__uuid__":"5amMRirilGArZ9AOFpg+pk"},"mario_small_23":{"__uuid__":"141AdugK1EeZWana8Iqgvr"},"mario_small_24":{"__uuid__":"03cb3yQ4xJOYWBwRg/s4qi"},"mario_small_25":{"__uuid__":"102R71hWtCE5MTogOzjbJP"},"mario_small_26":{"__uuid__":"c122R4NnVEEJoCn9w2j8o4"},"mario_small_27":{"__uuid__":"76RsCJxjxNIIwTphqCzyTa"},"mario_small_28":{"__uuid__":"edKI6VE2BHQqtQFl3A9BB2"},"mario_small_29":{"__uuid__":"e1e5imzVxCxZT4syJ2JPBF"},"mario_small_3":{"__uuid__":"d19hCJ0jdOTobX9Z7nRhTC"},"mario_small_30":{"__uuid__":"42pu8iz+RJMrPnOUMypyYB"},"mario_small_31":{"__uuid__":"97zb2W5fJEwY+OhaHxwW51"},"mario_small_32":{"__uuid__":"9bPtBWq45Eh6VkXndgh5Gn"},"mario_small_33":{"__uuid__":"d16wwuzNtPWqpLm8GZeEM+"},"mario_small_34":{"__uuid__":"f1nVOcIiNDCqKt/SkqWpev"},"mario_small_35":{"__uuid__":"28qujo7P5HHa7kwPQD4Svx"},"mario_small_4":{"__uuid__":"85+cJFY4JPhoOKBnilA3aD"},"mario_small_5":{"__uuid__":"28sML/e5xCpaikDAY9Dqpq"},"mario_small_6":{"__uuid__":"71Al93F4dMm68k1rYZb136"},"mario_small_7":{"__uuid__":"deb8TqRHVPAa8rePF1YarP"},"mario_small_8":{"__uuid__":"d3fzMuVQVA2bl1M374j8sY"},"mario_small_9":{"__uuid__":"355LV55tNJFYdKJ6DnpJrw"}}},{"__type__":"cc.SpriteFrame","content":{"name":"Goomba_0","texture":"f4tEcwo5ZMHqm8TRwO/VOB","rect":[1,1,20,24],"offset":[0,0],"originalSize":[20,24],"capInsets":[0,0,0,0]}},{"__type__":"cc.SpriteFrame","content":{"name":"mario_small_6","texture":"7emA1VPOpFqqxhfNL8AOIw","rect":[163,37,16,16],"offset":[0,0],"originalSize":[16,16],"capInsets":[0,0,0,0]}},{"__type__":"cc.SpriteFrame","content":{"name":"white_font","texture":"3fnVUuVThLPbYdpNyO8V/5","rect":[0,0,107,26],"offset":[-0.5,0.5],"originalSize":[108,27],"capInsets":[0,0,0,0]}},{"__type__":"cc.SpriteFrame","content":{"name":"mario_small_12","texture":"7emA1VPOpFqqxhfNL8AOIw","rect":[19,1,16,16],"offset":[0,0],"originalSize":[16,16],"capInsets":[0,0,0,0]}},{"__type__":"cc.SpriteFrame","content":{"name":"mario_small_27","texture":"7emA1VPOpFqqxhfNL8AOIw","rect":[91,37,16,16],"offset":[0,0],"originalSize":[16,16],"capInsets":[0,0,0,0]}},{"__type__":"cc.SpriteFrame","content":{"name":"mario_small_4","texture":"7emA1VPOpFqqxhfNL8AOIw","rect":[163,1,16,16],"offset":[0,0],"originalSize":[16,16],"capInsets":[0,0,0,0]}},[{"__type__":"cc.SceneAsset","_name":"stage1-1","scene":{"__id__":1},"asyncLoadAssets":null},{"__type__":"cc.Scene","_name":"New Node","_children":[{"__id__":2},{"__id__":4},{"__id__":9},{"__id__":5},{"__id__":18},{"__id__":11},{"__id__":7}],"_anchorPoint":{"__type__":"cc.Vec2"},"_trs":{"__type__":"TypedArray","ctor":"Float64Array","array":[0,0,0,0,0,0,1,1,1,1]},"autoReleaseAssets":false},{"__type__":"cc.Node","_name":"Canvas","_parent":{"__id__":1},"_children":[{"__id__":3}],"_components":[{"__type__":"cc.Canvas","node":{"__id__":2}}],"_contentSize":{"__type__":"cc.Size","width":960,"height":640},"_trs":{"__type__":"TypedArray","ctor":"Float64Array","array":[480,320,0,0,0,0,1,1,1,1]},"_id":"b1oUrV7vdPJpCRE+jewM99"},{"__type__":"cc.Node","_name":"Main Camera","_parent":{"__id__":2},"_components":[{"__type__":"cc.Camera","node":{"__id__":3},"_cullingMask":-9,"_clearFlags":7,"_depth":-1,"_zoomRatio":1.8,"_rect":{"__type__":"cc.Rect","width":1.5,"height":1.5}}],"_trs":{"__type__":"TypedArray","ctor":"Float64Array","array":[-211.682,-129.761,277.1281292110204,0,0,0,1,1,1,1]}},{"__type__":"cc.Node","_name":"GameEngine","_parent":{"__id__":1},"_components":[{"__type__":"5d53fFOVl9Jy6v3nRLOpt3/","node":{"__id__":4},"player":{"__id__":5},"bgm":{"__uuid__":"bdYY/NwFpJcIb9N3jRRhNo"},"timer":{"__id__":8},"camera":{"__id__":3},"background":{"__id__":9},"lowerbound":{"__id__":10},"life":{"__id__":6}},{"__type__":"cc.Animation","node":{"__id__":4}}],"_trs":{"__type__":"TypedArray","ctor":"Float64Array","array":[0,0,0,0,0,0,1,1,1,1]},"_id":"2dP5/kB2tP3pKI0pV4e327"},{"__type__":"cc.Node","_name":"player","_parent":{"__id__":1},"_components":[{"__type__":"cc.Sprite","node":{"__id__":5},"_materials":[{"__uuid__":"ecpdLyjvZBwrvm+cedCcQy"}],"_spriteFrame":{"__uuid__":"9bPtBWq45Eh6VkXndgh5Gn"},"_sizeMode":0},{"__type__":"cc.RigidBody","node":{"__id__":5},"_allowSleep":false,"_gravityScale":5,"_fixedRotation":true,"enabledContactListener":true},{"__type__":"dfb2eo3lO5MwqbzLMYDX92/","node":{"__id__":5},"gameMgr":{"__id__":4},"lifect":{"__id__":6}},{"__type__":"cc.PhysicsBoxCollider","node":{"__id__":5},"_size":{"__type__":"cc.Size","width":16,"height":16}},{"__type__":"cc.Animation","node":{"__id__":5},"_clips":[{"__uuid__":"e17s5AgktPgqxk1UNeCP9S"},{"__uuid__":"14iqNOJ4FLe4vzfLDlJbII"}]}],"_contentSize":{"__type__":"cc.Size","width":16,"height":16},"_trs":{"__type__":"TypedArray","ctor":"Float64Array","array":[198.442,45.66,0,0,0,0,1,0.596,0.596,0.596]},"_groupIndex":2,"groupIndex":2,"_id":"04tKdOiMNHx4F/I94y5VJ+"},{"__type__":"cc.Node","_name":"life","_parent":{"__id__":7},"_components":[{"__type__":"cc.Label","node":{"__id__":6},"_materials":[{"__uuid__":"ecpdLyjvZBwrvm+cedCcQy"}],"_useOriginalSize":false,"_N$file":{"__uuid__":"63kOE3OtFJk6CmQsxRg+wb"},"_isSystemFontUsed":false,"_N$horizontalAlign":1,"_N$verticalAlign":1}],"_contentSize":{"__type__":"cc.Size","height":50},"_trs":{"__type__":"TypedArray","ctor":"Float64Array","array":[290.333,212.26,0,0,0,0,1,1,1,1]}},{"__type__":"cc.Node","_name":"UI","_parent":{"__id__":1},"_children":[{"__id__":6},{"__id__":8}],"_trs":{"__type__":"TypedArray","ctor":"Float64Array","array":[0,0,0,0,0,0,1,1,1,1]},"_id":"228/xg3O5F4bel1yVuXYvJ"},{"__type__":"cc.Node","_name":"timer","_parent":{"__id__":7},"_components":[{"__type__":"cc.Label","node":{"__id__":8},"_materials":[{"__uuid__":"ecpdLyjvZBwrvm+cedCcQy"}],"_useOriginalSize":false,"_N$file":{"__uuid__":"63kOE3OtFJk6CmQsxRg+wb"},"_isSystemFontUsed":false,"_N$horizontalAlign":1,"_N$verticalAlign":1}],"_contentSize":{"__type__":"cc.Size","height":50},"_trs":{"__type__":"TypedArray","ctor":"Float64Array","array":[334.91,211.515,0,0,0,0,1,1,1,1]}},{"__type__":"cc.Node","_name":"background","_parent":{"__id__":1},"_components":[{"__type__":"cc.Sprite","node":{"__id__":9},"_materials":[{"__uuid__":"ecpdLyjvZBwrvm+cedCcQy"}],"_spriteFrame":{"__uuid__":"19xPWsnxRLWp+j6oBfLQ5V"}}],"_contentSize":{"__type__":"cc.Size","width":560,"height":240},"_trs":{"__type__":"TypedArray","ctor":"Float64Array","array":[283.013,125.868,0,0,0,0,1,1,1,1]},"_id":"e7Mx321i5BAa9dZjUAiT+F"},{"__type__":"cc.Node","_name":"lower bound","_parent":{"__id__":11},"_components":[{"__type__":"cc.RigidBody","node":{"__id__":10},"_type":0},{"__type__":"cc.PhysicsBoxCollider","node":{"__id__":10},"tag":2,"_size":{"__type__":"cc.Size","width":1000,"height":100}}],"_contentSize":{"__type__":"cc.Size","width":1000,"height":100},"_trs":{"__type__":"TypedArray","ctor":"Float64Array","array":[499.275,-42.559,0,0,0,0,1,1,1,1]},"_groupIndex":3,"groupIndex":3},{"__type__":"cc.Node","_name":"map","_parent":{"__id__":1},"_children":[{"__id__":12},{"__id__":13},{"__id__":14},{"__id__":15},{"__id__":10},{"__id__":16},{"__id__":17}],"_trs":{"__type__":"TypedArray","ctor":"Float64Array","array":[0,0,0,0,0,0,1,1,1,1]},"_id":"29y1wLzrZHiLlowNA/qlZW"},{"__type__":"cc.Node","_name":"1-1-1","_parent":{"__id__":11},"_components":[{"__type__":"cc.Sprite","node":{"__id__":12},"_materials":[{"__uuid__":"ecpdLyjvZBwrvm+cedCcQy"}],"_spriteFrame":{"__uuid__":"e82vHTmuVH1rmMlP9KK6wT"},"_sizeMode":0},{"__type__":"cc.RigidBody","node":{"__id__":12},"_type":0,"_allowSleep":false,"_gravityScale":0},{"__type__":"cc.PhysicsPolygonCollider","node":{"__id__":12},"tag":1,"_density":5,"points":[{"__type__":"cc.Vec2","x":120,"y":48},{"__type__":"cc.Vec2","x":120,"y":-16},{"__type__":"cc.Vec2","x":24,"y":-16},{"__type__":"cc.Vec2","x":24,"y":32},{"__type__":"cc.Vec2","x":-8,"y":32},{"__type__":"cc.Vec2","x":-8,"y":-16},{"__type__":"cc.Vec2","x":-136,"y":-16},{"__type__":"cc.Vec2","x":-136,"y":16},{"__type__":"cc.Vec2","x":-168,"y":16},{"__type__":"cc.Vec2","x":-168,"y":-16},{"__type__":"cc.Vec2","x":-488,"y":-16},{"__type__":"cc.Vec2","x":-488,"y":-48},{"__type__":"cc.Vec2","x":488,"y":-48},{"__type__":"cc.Vec2","x":488,"y":-16},{"__type__":"cc.Vec2","x":328,"y":-16},{"__type__":"cc.Vec2","x":328,"y":48},{"__type__":"cc.Vec2","x":296,"y":48},{"__type__":"cc.Vec2","x":296,"y":-16},{"__type__":"cc.Vec2","x":152,"y":-16},{"__type__":"cc.Vec2","x":152,"y":48}]}],"_contentSize":{"__type__":"cc.Size","width":976,"height":96},"_trs":{"__type__":"TypedArray","ctor":"Float64Array","array":[486.841,57,0,0,0,0,1,1,1,1]},"_groupIndex":1,"groupIndex":1},{"__type__":"cc.Node","_name":"1-1-2","_parent":{"__id__":11},"_components":[{"__type__":"cc.Sprite","node":{"__id__":13},"_materials":[{"__uuid__":"ecpdLyjvZBwrvm+cedCcQy"}],"_spriteFrame":{"__uuid__":"fdXrrO6wJLrpR1E3ML1qck"},"_sizeMode":0},{"__type__":"cc.RigidBody","node":{"__id__":13},"_type":0,"_allowSleep":false,"_gravityScale":0},{"__type__":"cc.PhysicsPolygonCollider","node":{"__id__":13},"tag":1,"_density":5,"points":[{"__type__":"cc.Vec2","x":-120,"y":16},{"__type__":"cc.Vec2","x":-120,"y":-16},{"__type__":"cc.Vec2","x":120,"y":-16},{"__type__":"cc.Vec2","x":120,"y":16}]}],"_contentSize":{"__type__":"cc.Size","width":240,"height":32},"_trs":{"__type__":"TypedArray","ctor":"Float64Array","array":[1129.255,24.371,0,0,0,0,1,1,1,1]},"_groupIndex":1,"groupIndex":1},{"__type__":"cc.Node","_name":"1-1-3","_parent":{"__id__":11},"_components":[{"__type__":"cc.Sprite","node":{"__id__":14},"_materials":[{"__uuid__":"ecpdLyjvZBwrvm+cedCcQy"}],"_spriteFrame":{"__uuid__":"0cGf90JGlNqIRnvYyLNIwb"},"_sizeMode":0},{"__type__":"cc.RigidBody","node":{"__id__":14},"_type":0,"_allowSleep":false,"_gravityScale":0},{"__type__":"cc.PhysicsPolygonCollider","node":{"__id__":14},"tag":1,"_density":5,"points":[{"__type__":"cc.Vec2","x":256,"y":48},{"__type__":"cc.Vec2","x":256,"y":32},{"__type__":"cc.Vec2","x":240,"y":32},{"__type__":"cc.Vec2","x":240,"y":16},{"__type__":"cc.Vec2","x":224,"y":16},{"__type__":"cc.Vec2","x":224},{"__type__":"cc.Vec2","x":208},{"__type__":"cc.Vec2","x":208,"y":-16},{"__type__":"cc.Vec2","x":-512,"y":-16},{"__type__":"cc.Vec2","x":-512,"y":-48},{"__type__":"cc.Vec2","x":512,"y":-48},{"__type__":"cc.Vec2","x":512,"y":48},{"__type__":"cc.Vec2","x":480,"y":48},{"__type__":"cc.Vec2","x":480,"y":32},{"__type__":"cc.Vec2","x":464,"y":32},{"__type__":"cc.Vec2","x":464,"y":16},{"__type__":"cc.Vec2","x":448,"y":16},{"__type__":"cc.Vec2","x":448},{"__type__":"cc.Vec2","x":432},{"__type__":"cc.Vec2","x":432,"y":-16},{"__type__":"cc.Vec2","x":368,"y":-16},{"__type__":"cc.Vec2","x":368},{"__type__":"cc.Vec2","x":352},{"__type__":"cc.Vec2","x":352,"y":16},{"__type__":"cc.Vec2","x":336,"y":16},{"__type__":"cc.Vec2","x":336,"y":32},{"__type__":"cc.Vec2","x":320,"y":32},{"__type__":"cc.Vec2","x":320,"y":48},{"__type__":"cc.Vec2","x":304,"y":48},{"__type__":"cc.Vec2","x":304,"y":-16},{"__type__":"cc.Vec2","x":272,"y":-16},{"__type__":"cc.Vec2","x":272,"y":48}]}],"_contentSize":{"__type__":"cc.Size","width":1024,"height":96},"_trs":{"__type__":"TypedArray","ctor":"Float64Array","array":[1818.598,53.282,0,0,0,0,1,1,1,1]},"_groupIndex":1,"groupIndex":1},{"__type__":"cc.Node","_name":"1-1-4","_parent":{"__id__":11},"_components":[{"__type__":"cc.Sprite","node":{"__id__":15},"_materials":[{"__uuid__":"ecpdLyjvZBwrvm+cedCcQy"}],"_spriteFrame":{"__uuid__":"3e+3PQZbJFo7FCftd+NjXK"},"_sizeMode":0},{"__type__":"cc.RigidBody","node":{"__id__":15},"_type":0,"_allowSleep":false},{"__type__":"cc.PhysicsPolygonCollider","node":{"__id__":15},"tag":1,"points":[{"__type__":"cc.Vec2","x":104,"y":80},{"__type__":"cc.Vec2","x":104,"y":64},{"__type__":"cc.Vec2","x":88,"y":64},{"__type__":"cc.Vec2","x":88,"y":48},{"__type__":"cc.Vec2","x":72,"y":48},{"__type__":"cc.Vec2","x":72,"y":32},{"__type__":"cc.Vec2","x":56,"y":32},{"__type__":"cc.Vec2","x":56,"y":16},{"__type__":"cc.Vec2","x":40,"y":16},{"__type__":"cc.Vec2","x":40},{"__type__":"cc.Vec2","x":24},{"__type__":"cc.Vec2","x":24,"y":-16},{"__type__":"cc.Vec2","x":8,"y":-16},{"__type__":"cc.Vec2","x":8,"y":-32},{"__type__":"cc.Vec2","x":-8,"y":-32},{"__type__":"cc.Vec2","x":-8,"y":-16},{"__type__":"cc.Vec2","x":-40,"y":-16},{"__type__":"cc.Vec2","x":-40,"y":-48},{"__type__":"cc.Vec2","x":-264,"y":-48},{"__type__":"cc.Vec2","x":-264,"y":-16},{"__type__":"cc.Vec2","x":-296,"y":-16},{"__type__":"cc.Vec2","x":-296,"y":-48},{"__type__":"cc.Vec2","x":-360,"y":-48},{"__type__":"cc.Vec2","x":-360,"y":-32},{"__type__":"cc.Vec2","x":-376,"y":-32},{"__type__":"cc.Vec2","x":-376,"y":-16},{"__type__":"cc.Vec2","x":-392,"y":-16},{"__type__":"cc.Vec2","x":-392},{"__type__":"cc.Vec2","x":-408},{"__type__":"cc.Vec2","x":-408,"y":16},{"__type__":"cc.Vec2","x":-424,"y":16},{"__type__":"cc.Vec2","x":-424,"y":-80},{"__type__":"cc.Vec2","x":424,"y":-80},{"__type__":"cc.Vec2","x":424,"y":-48},{"__type__":"cc.Vec2","x":136,"y":-48},{"__type__":"cc.Vec2","x":136,"y":80}]}],"_contentSize":{"__type__":"cc.Size","width":848,"height":160},"_trs":{"__type__":"TypedArray","ctor":"Float64Array","array":[2810.548,88.918,0,0,0,0,1,1,1,1]},"_groupIndex":1,"groupIndex":1},{"__type__":"cc.Node","_name":"left bound","_parent":{"__id__":11},"_components":[{"__type__":"cc.RigidBody","node":{"__id__":16},"_type":0},{"__type__":"cc.PhysicsBoxCollider","node":{"__id__":16},"_size":{"__type__":"cc.Size","width":100,"height":1000}}],"_contentSize":{"__type__":"cc.Size","width":100,"height":1000},"_trs":{"__type__":"TypedArray","ctor":"Float64Array","array":[2810.548,88.918,0,0,0,0,1,1,1,1]}},{"__type__":"cc.Node","_name":"flag","_parent":{"__id__":11},"_components":[{"__type__":"cc.Sprite","node":{"__id__":17},"_materials":[{"__uuid__":"ecpdLyjvZBwrvm+cedCcQy"}],"_spriteFrame":{"__uuid__":"0eKAjPWhNPXpWHrcHCkr+Q"},"_sizeMode":0},{"__type__":"cc.RigidBody","node":{"__id__":17},"_type":0,"_fixedRotation":true,"enabledContactListener":true},{"__type__":"cc.PhysicsBoxCollider","node":{"__id__":17},"tag":10,"_size":{"__type__":"cc.Size","width":50,"height":200}},{"__type__":"cc.Animation","node":{"__id__":17}}],"_contentSize":{"__type__":"cc.Size","width":50,"height":200},"_trs":{"__type__":"TypedArray","ctor":"Float64Array","array":[3097.175,141.957,0,0,0,0,1,1,1,1]},"_groupIndex":5,"groupIndex":5},{"__type__":"cc.Node","_name":"enemy","_parent":{"__id__":1},"_children":[{"__id__":19},{"__id__":20}],"_trs":{"__type__":"TypedArray","ctor":"Float64Array","array":[0,0,0,0,0,0,1,1,1,1]},"_id":"f335ZiT5JIcayZjc6nBeAR"},{"__type__":"cc.Node","_name":"flower","_parent":{"__id__":18},"_components":[{"__type__":"cc.RigidBody","node":{"__id__":19},"_type":1,"_gravityScale":0,"_fixedRotation":true,"enabledContactListener":true},{"__type__":"cc.PhysicsBoxCollider","node":{"__id__":19},"tag":4,"_size":{"__type__":"cc.Size","width":20,"height":34}},{"__type__":"cc.Sprite","node":{"__id__":19},"_materials":[{"__uuid__":"ecpdLyjvZBwrvm+cedCcQy"}],"_spriteFrame":{"__uuid__":"5f4b3R/I5GEbuxdWEO/yf5"}},{"__type__":"f141fhIwRNNoL+qTouuLRM+","node":{"__id__":19}}],"_contentSize":{"__type__":"cc.Size","width":20,"height":34},"_trs":{"__type__":"TypedArray","ctor":"Float64Array","array":[493,61.475,0,0,0,0,1,1,1,1]},"_groupIndex":4,"groupIndex":4},{"__type__":"cc.Node","_name":"fly_mush","_parent":{"__id__":18},"_components":[{"__type__":"cc.Sprite","node":{"__id__":20},"_materials":[{"__uuid__":"ecpdLyjvZBwrvm+cedCcQy"}],"_spriteFrame":{"__uuid__":"f8LHTRAvlI9o7h6rusKHm4"},"_sizeMode":0},{"__type__":"cc.RigidBody","node":{"__id__":20},"_type":1,"_allowSleep":false,"_gravityScale":0,"_fixedRotation":true,"enabledContactListener":true},{"__type__":"cc.PhysicsBoxCollider","node":{"__id__":20},"tag":3,"_offset":{"__type__":"cc.Vec2","y":-2.8},"_size":{"__type__":"cc.Size","width":20,"height":18.5}},{"__type__":"28ef6XmU0xM07oZevkUwEB1","node":{"__id__":20}}],"_contentSize":{"__type__":"cc.Size","width":20,"height":24},"_trs":{"__type__":"TypedArray","ctor":"Float64Array","array":[360.332,130.164,0,0,0,0,1,1,1,1]},"_groupIndex":4,"groupIndex":4}],{"__type__":"cc.SpriteFrame","content":{"name":"mario_small_2","texture":"7emA1VPOpFqqxhfNL8AOIw","rect":[55,37,16,16],"offset":[0,0],"originalSize":[16,16],"capInsets":[0,0,0,0]}},{"__type__":"cc.SpriteAtlas","_name":"Flower.plist","_spriteFrames":{"flower_0":{"__uuid__":"30LZf63ztEmJ9bDLltyrPU"},"flower_1":{"__uuid__":"5f4b3R/I5GEbuxdWEO/yf5"}}},{"__type__":"cc.SpriteFrame","content":{"name":"mario_small_31","texture":"7emA1VPOpFqqxhfNL8AOIw","rect":[127,19,16,16],"offset":[0,0],"originalSize":[16,16],"capInsets":[0,0,0,0]}},{"__type__":"cc.SpriteFrame","content":{"name":"mario_small_32","texture":"7emA1VPOpFqqxhfNL8AOIw","rect":[127,37,16,16],"offset":[0,0],"originalSize":[16,16],"capInsets":[0,0,0,0]}},{"__type__":"cc.SpriteAtlas","_name":"Goomba.plist","_spriteFrames":{"Goomba_0":{"__uuid__":"70mk9GecxFNL4811tPS7B3"},"Goomba_1":{"__uuid__":"1b+0C77x1ARq0cJuGwH1NZ"},"Goomba_2":{"__uuid__":"f8LHTRAvlI9o7h6rusKHm4"},"Goomba_3":{"__uuid__":"d6nW9bMttJsaPGrLrpKWkH"},"Goomba_4":{"__uuid__":"afxukizadGoof/R+uNip1F"}}},{"__type__":"cc.SpriteFrame","content":{"name":"Goomba_4","texture":"f4tEcwo5ZMHqm8TRwO/VOB","rect":[89,1,20,24],"offset":[0,0],"originalSize":[20,24],"capInsets":[0,0,0,0]}},{"__type__":"cc.SpriteFrame","content":{"name":"mario_small_15","texture":"7emA1VPOpFqqxhfNL8AOIw","rect":[37,1,16,16],"offset":[0,0],"originalSize":[16,16],"capInsets":[0,0,0,0]}},{"__type__":"cc.SpriteFrame","content":{"name":"mario_small_1","texture":"7emA1VPOpFqqxhfNL8AOIw","rect":[1,19,16,16],"offset":[0,0],"originalSize":[16,16],"capInsets":[0,0,0,0]}},{"__type__":"cc.SpriteFrame","content":{"name":"mario_small_11","texture":"7emA1VPOpFqqxhfNL8AOIw","rect":[19,1,16,16],"offset":[0,0],"originalSize":[16,16],"capInsets":[0,0,0,0]}},{"__type__":"cc.AudioClip","_name":"bgm_1","_native":".mp3"},{"__type__":"cc.SpriteFrame","content":{"name":"mario_small_26","texture":"7emA1VPOpFqqxhfNL8AOIw","rect":[91,19,16,16],"offset":[0,0],"originalSize":[16,16],"capInsets":[0,0,0,0]}},{"__type__":"cc.SpriteFrame","content":{"name":"mario_small_33","texture":"7emA1VPOpFqqxhfNL8AOIw","rect":[145,1,16,16],"offset":[0,0],"originalSize":[16,16],"capInsets":[0,0,0,0]}},{"__type__":"cc.SpriteFrame","content":{"name":"mario_small_3","texture":"7emA1VPOpFqqxhfNL8AOIw","rect":[109,37,16,16],"offset":[0,0],"originalSize":[16,16],"capInsets":[0,0,0,0]}},{"__type__":"cc.SpriteFrame","content":{"name":"mario_small_8","texture":"7emA1VPOpFqqxhfNL8AOIw","rect":[19,1,16,16],"offset":[0,0],"originalSize":[16,16],"capInsets":[0,0,0,0]}},{"__type__":"cc.SpriteFrame","content":{"name":"Goomba_3","texture":"f4tEcwo5ZMHqm8TRwO/VOB","rect":[67,1,20,24],"offset":[0,0],"originalSize":[20,24],"capInsets":[0,0,0,0]}},{"__type__":"cc.SpriteFrame","content":{"name":"mario_small_7","texture":"7emA1VPOpFqqxhfNL8AOIw","rect":[181,1,16,16],"offset":[0,0],"originalSize":[16,16],"capInsets":[0,0,0,0]}},{"__type__":"cc.SpriteFrame","content":{"name":"mario_small_17","texture":"7emA1VPOpFqqxhfNL8AOIw","rect":[37,37,16,16],"offset":[0,0],"originalSize":[16,16],"capInsets":[0,0,0,0]}},{"__type__":"cc.SpriteFrame","content":{"name":"mario_small_29","texture":"7emA1VPOpFqqxhfNL8AOIw","rect":[109,19,16,16],"offset":[0,0],"originalSize":[16,16],"capInsets":[0,0,0,0]}},{"__type__":"cc.AnimationClip","_name":"move","_duration":0.18333333333333332,"wrapMode":2,"curveData":{"comps":{"cc.Sprite":{"spriteFrame":[{"frame":0,"value":{"__uuid__":"d16wwuzNtPWqpLm8GZeEM+"}},{"frame":0.08333333333333333,"value":{"__uuid__":"f1nVOcIiNDCqKt/SkqWpev"}},{"frame":0.16666666666666666,"value":{"__uuid__":"28qujo7P5HHa7kwPQD4Svx"}}]}}}},{"__type__":"cc.SpriteFrame","content":{"name":"mario_small_0","texture":"7emA1VPOpFqqxhfNL8AOIw","rect":[1,1,16,16],"offset":[0,0],"originalSize":[16,16],"capInsets":[0,0,0,0]}},{"__type__":"cc.SpriteFrame","content":{"name":"mario_small_13","texture":"7emA1VPOpFqqxhfNL8AOIw","rect":[19,19,16,16],"offset":[0,0],"originalSize":[16,16],"capInsets":[0,0,0,0]}},{"__type__":"cc.SpriteFrame","content":{"name":"1-1-1","texture":"4d8g2lFHtLupuHo1Aa3Bk0","rect":[0,144,976,96],"offset":[-1112,-72],"originalSize":[3200,240],"capInsets":[0,0,0,0]}},{"__type__":"cc.SpriteFrame","content":{"name":"mario_small_28","texture":"7emA1VPOpFqqxhfNL8AOIw","rect":[109,1,16,16],"offset":[0,0],"originalSize":[16,16],"capInsets":[0,0,0,0]}},{"__type__":"cc.SpriteFrame","content":{"name":"mario_small_34","texture":"7emA1VPOpFqqxhfNL8AOIw","rect":[145,19,16,16],"offset":[0,0],"originalSize":[16,16],"capInsets":[0,0,0,0]}},{"__type__":"cc.SpriteFrame","content":{"name":"Goomba_2","texture":"f4tEcwo5ZMHqm8TRwO/VOB","rect":[45,1,20,24],"offset":[0,0],"originalSize":[20,24],"capInsets":[0,0,0,0]}},{"__type__":"cc.SpriteFrame","content":{"name":"1-1-2","texture":"0fUf66UHRDLrbhZ1rTa0fi","rect":[1008,208,240,32],"offset":[-472,-104],"originalSize":[3200,240],"capInsets":[0,0,0,0]}}]