{
  "__type__": "cc.AnimationClip",
  "_name": "jump",
  "_objFlags": 0,
  "_native": "",
  "_duration": 0.23333333333333334,
  "sample": 60,
  "speed": 1,
  "wrapMode": 1,
  "curveData": {
    "comps": {
      "cc.Sprite": {
        "spriteFrame": [
          {
            "frame": 0,
            "value": {
              "__uuid__": "91c29316-9885-457e-b03d-5ea4349eacda"
            }
          },
          {
            "frame": 0.05,
            "value": {
              "__uuid__": "d1f61089-d237-4e4e-86d7-f59ee74614c2"
            }
          },
          {
            "frame": 0.08333333333333333,
            "value": {
              "__uuid__": "85f9c245-6382-4f86-838a-0678a5037683"
            }
          },
          {
            "frame": 0.13333333333333333,
            "value": {
              "__uuid__": "28b0c2ff-7b9c-42a5-a8a4-0c063d0eaa6a"
            }
          },
          {
            "frame": 0.16666666666666666,
            "value": {
              "__uuid__": "71025f77-1787-4c9b-af24-d6b6196f5dfa"
            }
          },
          {
            "frame": 0.21666666666666667,
            "value": {
              "__uuid__": "d37f332e-5505-40d9-b975-337ef88fcb18"
            }
          }
        ]
      }
    }
  },
  "events": []
}