{
  "version": "1.1.1",
  "windows": {
    "main": {
      "main": true,
      "url": "app://editor/index.html",
      "windowType": "dockable",
      "x": 38,
      "y": 58,
      "width": 1371,
      "height": 720,
      "layout": {
        "children": [
          {
            "children": [
              {
                "active": 0,
                "children": [
                  "hierarchy"
                ],
                "height": 378,
                "type": "panel",
                "width": 204
              },
              {
                "active": 0,
                "children": [
                  "assets"
                ],
                "height": 252,
                "type": "panel",
                "width": 204
              }
            ],
            "height": 633,
            "type": "dock-v",
            "width": 204
          },
          {
            "children": [
              {
                "active": 0,
                "children": [
                  "scene"
                ],
                "height": 364,
                "type": "panel",
                "width": 853
              },
              {
                "active": 1,
                "children": [
                  "console",
                  "timeline",
                  "game-window"
                ],
                "height": 266,
                "type": "panel",
                "width": 853
              }
            ],
            "height": 633,
            "type": "dock-v",
            "width": 853
          },
          {
            "active": 0,
            "children": [
              "inspector"
            ],
            "height": 633,
            "type": "panel",
            "width": 308
          }
        ],
        "type": "dock-h"
      },
      "panels": [
        "hierarchy",
        "assets",
        "scene",
        "console",
        "timeline",
        "game-window",
        "inspector"
      ]
    },
    "worker": {},
    "window-1622125237478": {
      "main": false,
      "url": "unpack://static/window.html",
      "windowType": "dockable",
      "x": 440,
      "y": 144,
      "width": 584,
      "height": 554,
      "layout": {
        "children": [
          {
            "active": 0,
            "children": [
              "project-settings"
            ],
            "height": 526,
            "type": "panel",
            "width": 584
          }
        ],
        "type": "dock-v"
      },
      "panels": [
        "project-settings"
      ]
    }
  },
  "panels": {
    "sprite-editor": {
      "x": 470,
      "y": 143,
      "width": 500,
      "height": 528
    },
    "cocos-services": {
      "x": 570,
      "y": 128,
      "width": 304,
      "height": 584
    },
    "project-settings": {
      "x": 440,
      "y": 144,
      "width": 584,
      "height": 554
    },
    "preferences": {
      "x": 440,
      "y": 143,
      "width": 584,
      "height": 554
    }
  },
  "panelLabelWidth": {
    "inspector": null,
    "preferences": null,
    "builder": null
  },
  "panelLabelWidth.inspector": null,
  "panelLabelWidth.preferences": null,
  "panelLabelWidth.builder": null
}
