[
  {
    "__type__": "cc.SceneAsset",
    "_name": "stage1-1",
    "_objFlags": 0,
    "_native": "",
    "scene": {
      "__id__": 1
    },
    "asyncLoadAssets": false
  },
  {
    "__type__": "cc.Scene",
    "_objFlags": 0,
    "_parent": null,
    "_children": [
      {
        "__id__": 2
      },
      {
        "__id__": 6
      },
      {
        "__id__": 19
      },
      {
        "__id__": 8
      },
      {
        "__id__": 50
      },
      {
        "__id__": 22
      },
      {
        "__id__": 13
      }
    ],
    "_active": true,
    "_components": [],
    "_prefab": null,
    "_opacity": 255,
    "_color": {
      "__type__": "cc.Color",
      "r": 255,
      "g": 255,
      "b": 255,
      "a": 255
    },
    "_contentSize": {
      "__type__": "cc.Size",
      "width": 0,
      "height": 0
    },
    "_anchorPoint": {
      "__type__": "cc.Vec2",
      "x": 0,
      "y": 0
    },
    "_trs": {
      "__type__": "TypedArray",
      "ctor": "Float64Array",
      "array": [
        0,
        0,
        0,
        0,
        0,
        0,
        1,
        1,
        1,
        1
      ]
    },
    "_is3DNode": true,
    "_groupIndex": 0,
    "groupIndex": 0,
    "autoReleaseAssets": false,
    "_id": "8fc856c4-e75b-4e48-b7fd-bf3a4ea4ce0c"
  },
  {
    "__type__": "cc.Node",
    "_name": "Canvas",
    "_objFlags": 0,
    "_parent": {
      "__id__": 1
    },
    "_children": [
      {
        "__id__": 3
      }
    ],
    "_active": true,
    "_components": [
      {
        "__id__": 5
      }
    ],
    "_prefab": null,
    "_opacity": 255,
    "_color": {
      "__type__": "cc.Color",
      "r": 255,
      "g": 255,
      "b": 255,
      "a": 255
    },
    "_contentSize": {
      "__type__": "cc.Size",
      "width": 960,
      "height": 640
    },
    "_anchorPoint": {
      "__type__": "cc.Vec2",
      "x": 0.5,
      "y": 0.5
    },
    "_trs": {
      "__type__": "TypedArray",
      "ctor": "Float64Array",
      "array": [
        480,
        320,
        0,
        0,
        0,
        0,
        1,
        1,
        1,
        1
      ]
    },
    "_eulerAngles": {
      "__type__": "cc.Vec3",
      "x": 0,
      "y": 0,
      "z": 0
    },
    "_skewX": 0,
    "_skewY": 0,
    "_is3DNode": false,
    "_groupIndex": 0,
    "groupIndex": 0,
    "_id": "b1oUrV7vdPJpCRE+jewM99"
  },
  {
    "__type__": "cc.Node",
    "_name": "Main Camera",
    "_objFlags": 0,
    "_parent": {
      "__id__": 2
    },
    "_children": [],
    "_active": true,
    "_components": [
      {
        "__id__": 4
      }
    ],
    "_prefab": null,
    "_opacity": 255,
    "_color": {
      "__type__": "cc.Color",
      "r": 255,
      "g": 255,
      "b": 255,
      "a": 255
    },
    "_contentSize": {
      "__type__": "cc.Size",
      "width": 0,
      "height": 0
    },
    "_anchorPoint": {
      "__type__": "cc.Vec2",
      "x": 0.5,
      "y": 0.5
    },
    "_trs": {
      "__type__": "TypedArray",
      "ctor": "Float64Array",
      "array": [
        -211.682,
        -129.761,
        277.1281292110204,
        0,
        0,
        0,
        1,
        1,
        1,
        1
      ]
    },
    "_eulerAngles": {
      "__type__": "cc.Vec3",
      "x": 0,
      "y": 0,
      "z": 0
    },
    "_skewX": 0,
    "_skewY": 0,
    "_is3DNode": false,
    "_groupIndex": 0,
    "groupIndex": 0,
    "_id": "57cpMftDxPma+PWbnUK8YW"
  },
  {
    "__type__": "cc.Camera",
    "_name": "",
    "_objFlags": 0,
    "node": {
      "__id__": 3
    },
    "_enabled": true,
    "_cullingMask": -9,
    "_clearFlags": 7,
    "_backgroundColor": {
      "__type__": "cc.Color",
      "r": 0,
      "g": 0,
      "b": 0,
      "a": 255
    },
    "_depth": -1,
    "_zoomRatio": 1.8,
    "_targetTexture": null,
    "_fov": 60,
    "_orthoSize": 10,
    "_nearClip": 1,
    "_farClip": 4096,
    "_ortho": true,
    "_rect": {
      "__type__": "cc.Rect",
      "x": 0,
      "y": 0,
      "width": 1.5,
      "height": 1.5
    },
    "_renderStages": 1,
    "_alignWithScreen": true,
    "_id": "e9U/6EubZIDISrcs/SC9QB"
  },
  {
    "__type__": "cc.Canvas",
    "_name": "",
    "_objFlags": 0,
    "node": {
      "__id__": 2
    },
    "_enabled": true,
    "_designResolution": {
      "__type__": "cc.Size",
      "width": 960,
      "height": 640
    },
    "_fitWidth": false,
    "_fitHeight": true,
    "_id": "13CICuIwdEAKewBTeLStkh"
  },
  {
    "__type__": "cc.Node",
    "_name": "GameEngine",
    "_objFlags": 0,
    "_parent": {
      "__id__": 1
    },
    "_children": [],
    "_active": true,
    "_components": [
      {
        "__id__": 7
      },
      {
        "__id__": 49
      }
    ],
    "_prefab": null,
    "_opacity": 255,
    "_color": {
      "__type__": "cc.Color",
      "r": 255,
      "g": 255,
      "b": 255,
      "a": 255
    },
    "_contentSize": {
      "__type__": "cc.Size",
      "width": 0,
      "height": 0
    },
    "_anchorPoint": {
      "__type__": "cc.Vec2",
      "x": 0.5,
      "y": 0.5
    },
    "_trs": {
      "__type__": "TypedArray",
      "ctor": "Float64Array",
      "array": [
        0,
        0,
        0,
        0,
        0,
        0,
        1,
        1,
        1,
        1
      ]
    },
    "_eulerAngles": {
      "__type__": "cc.Vec3",
      "x": 0,
      "y": 0,
      "z": 0
    },
    "_skewX": 0,
    "_skewY": 0,
    "_is3DNode": false,
    "_groupIndex": 0,
    "groupIndex": 0,
    "_id": "2dP5/kB2tP3pKI0pV4e327"
  },
  {
    "__type__": "5d53fFOVl9Jy6v3nRLOpt3/",
    "_name": "",
    "_objFlags": 0,
    "node": {
      "__id__": 6
    },
    "_enabled": true,
    "player": {
      "__id__": 8
    },
    "bgm": {
      "__uuid__": "bd618fcd-c05a-4970-86fd-3778d1461368"
    },
    "timer": {
      "__id__": 14
    },
    "camera": {
      "__id__": 3
    },
    "background": {
      "__id__": 19
    },
    "lowerbound": {
      "__id__": 21
    },
    "life": {
      "__id__": 12
    },
    "_id": "60WyMR5eVEDZi5UhPIfXNk"
  },
  {
    "__type__": "cc.Node",
    "_name": "player",
    "_objFlags": 0,
    "_parent": {
      "__id__": 1
    },
    "_children": [],
    "_active": true,
    "_components": [
      {
        "__id__": 9
      },
      {
        "__id__": 10
      },
      {
        "__id__": 11
      },
      {
        "__id__": 17
      },
      {
        "__id__": 18
      }
    ],
    "_prefab": null,
    "_opacity": 255,
    "_color": {
      "__type__": "cc.Color",
      "r": 255,
      "g": 255,
      "b": 255,
      "a": 255
    },
    "_contentSize": {
      "__type__": "cc.Size",
      "width": 16,
      "height": 16
    },
    "_anchorPoint": {
      "__type__": "cc.Vec2",
      "x": 0.5,
      "y": 0.5
    },
    "_trs": {
      "__type__": "TypedArray",
      "ctor": "Float64Array",
      "array": [
        198.442,
        45.66,
        0,
        0,
        0,
        0,
        1,
        0.596,
        0.596,
        0.596
      ]
    },
    "_eulerAngles": {
      "__type__": "cc.Vec3",
      "x": 0,
      "y": 0,
      "z": 0
    },
    "_skewX": 0,
    "_skewY": 0,
    "_is3DNode": false,
    "_groupIndex": 2,
    "groupIndex": 2,
    "_id": "04tKdOiMNHx4F/I94y5VJ+"
  },
  {
    "__type__": "cc.Sprite",
    "_name": "",
    "_objFlags": 0,
    "node": {
      "__id__": 8
    },
    "_enabled": true,
    "_materials": [
      {
        "__uuid__": "eca5d2f2-8ef6-41c2-bbe6-f9c79d09c432"
      }
    ],
    "_srcBlendFactor": 770,
    "_dstBlendFactor": 771,
    "_spriteFrame": {
      "__uuid__": "9b3ed056-ab8e-4487-a564-5e77608791a7"
    },
    "_type": 0,
    "_sizeMode": 0,
    "_fillType": 0,
    "_fillCenter": {
      "__type__": "cc.Vec2",
      "x": 0,
      "y": 0
    },
    "_fillStart": 0,
    "_fillRange": 0,
    "_isTrimmedMode": true,
    "_atlas": {
      "__uuid__": "6fefc004-9b4c-46d4-affa-4f56aaf7c2e8"
    },
    "_id": "19CZsjC7pA3KNCBDORXvse"
  },
  {
    "__type__": "cc.RigidBody",
    "_name": "",
    "_objFlags": 0,
    "node": {
      "__id__": 8
    },
    "_enabled": true,
    "_type": 2,
    "_allowSleep": false,
    "_gravityScale": 5,
    "_linearDamping": 0,
    "_angularDamping": 0,
    "_linearVelocity": {
      "__type__": "cc.Vec2",
      "x": 0,
      "y": 0
    },
    "_angularVelocity": 0,
    "_fixedRotation": true,
    "enabledContactListener": true,
    "bullet": false,
    "awakeOnLoad": true,
    "_id": "cdt3tdehlF5aP4gqCVQkbs"
  },
  {
    "__type__": "dfb2eo3lO5MwqbzLMYDX92/",
    "_name": "",
    "_objFlags": 0,
    "node": {
      "__id__": 8
    },
    "_enabled": true,
    "playerSpeed": 0,
    "gameMgr": {
      "__id__": 6
    },
    "lifect": {
      "__id__": 12
    },
    "_id": "63o9lrKOdHd5po3qe8gjul"
  },
  {
    "__type__": "cc.Node",
    "_name": "life",
    "_objFlags": 0,
    "_parent": {
      "__id__": 13
    },
    "_children": [],
    "_active": true,
    "_components": [
      {
        "__id__": 16
      }
    ],
    "_prefab": null,
    "_opacity": 255,
    "_color": {
      "__type__": "cc.Color",
      "r": 255,
      "g": 255,
      "b": 255,
      "a": 255
    },
    "_contentSize": {
      "__type__": "cc.Size",
      "width": 0,
      "height": 50
    },
    "_anchorPoint": {
      "__type__": "cc.Vec2",
      "x": 0.5,
      "y": 0.5
    },
    "_trs": {
      "__type__": "TypedArray",
      "ctor": "Float64Array",
      "array": [
        290.333,
        212.26,
        0,
        0,
        0,
        0,
        1,
        1,
        1,
        1
      ]
    },
    "_eulerAngles": {
      "__type__": "cc.Vec3",
      "x": 0,
      "y": 0,
      "z": 0
    },
    "_skewX": 0,
    "_skewY": 0,
    "_is3DNode": false,
    "_groupIndex": 0,
    "groupIndex": 0,
    "_id": "c0NRvuq9dIDbfDY1NApT8b"
  },
  {
    "__type__": "cc.Node",
    "_name": "UI",
    "_objFlags": 0,
    "_parent": {
      "__id__": 1
    },
    "_children": [
      {
        "__id__": 12
      },
      {
        "__id__": 14
      }
    ],
    "_active": true,
    "_components": [],
    "_prefab": null,
    "_opacity": 255,
    "_color": {
      "__type__": "cc.Color",
      "r": 255,
      "g": 255,
      "b": 255,
      "a": 255
    },
    "_contentSize": {
      "__type__": "cc.Size",
      "width": 0,
      "height": 0
    },
    "_anchorPoint": {
      "__type__": "cc.Vec2",
      "x": 0.5,
      "y": 0.5
    },
    "_trs": {
      "__type__": "TypedArray",
      "ctor": "Float64Array",
      "array": [
        0,
        0,
        0,
        0,
        0,
        0,
        1,
        1,
        1,
        1
      ]
    },
    "_eulerAngles": {
      "__type__": "cc.Vec3",
      "x": 0,
      "y": 0,
      "z": 0
    },
    "_skewX": 0,
    "_skewY": 0,
    "_is3DNode": false,
    "_groupIndex": 0,
    "groupIndex": 0,
    "_id": "228/xg3O5F4bel1yVuXYvJ"
  },
  {
    "__type__": "cc.Node",
    "_name": "timer",
    "_objFlags": 0,
    "_parent": {
      "__id__": 13
    },
    "_children": [],
    "_active": true,
    "_components": [
      {
        "__id__": 15
      }
    ],
    "_prefab": null,
    "_opacity": 255,
    "_color": {
      "__type__": "cc.Color",
      "r": 255,
      "g": 255,
      "b": 255,
      "a": 255
    },
    "_contentSize": {
      "__type__": "cc.Size",
      "width": 0,
      "height": 50
    },
    "_anchorPoint": {
      "__type__": "cc.Vec2",
      "x": 0.5,
      "y": 0.5
    },
    "_trs": {
      "__type__": "TypedArray",
      "ctor": "Float64Array",
      "array": [
        334.91,
        211.515,
        0,
        0,
        0,
        0,
        1,
        1,
        1,
        1
      ]
    },
    "_eulerAngles": {
      "__type__": "cc.Vec3",
      "x": 0,
      "y": 0,
      "z": 0
    },
    "_skewX": 0,
    "_skewY": 0,
    "_is3DNode": false,
    "_groupIndex": 0,
    "groupIndex": 0,
    "_id": "81B5GZTdtI/IqRN+ODLUqW"
  },
  {
    "__type__": "cc.Label",
    "_name": "",
    "_objFlags": 0,
    "node": {
      "__id__": 14
    },
    "_enabled": true,
    "_materials": [
      {
        "__uuid__": "eca5d2f2-8ef6-41c2-bbe6-f9c79d09c432"
      }
    ],
    "_useOriginalSize": false,
    "_string": "",
    "_N$string": "",
    "_fontSize": 40,
    "_lineHeight": 40,
    "_enableWrapText": true,
    "_N$file": {
      "__uuid__": "6390e137-3ad1-4993-a0a6-42cc5183ec1b"
    },
    "_isSystemFontUsed": false,
    "_spacingX": 0,
    "_batchAsBitmap": false,
    "_N$horizontalAlign": 1,
    "_N$verticalAlign": 1,
    "_N$fontFamily": "Arial",
    "_N$overflow": 0,
    "_N$cacheMode": 0,
    "_id": "4cmtSeNvlN+LlJu/E1Fqg8"
  },
  {
    "__type__": "cc.Label",
    "_name": "",
    "_objFlags": 0,
    "node": {
      "__id__": 12
    },
    "_enabled": true,
    "_materials": [
      {
        "__uuid__": "eca5d2f2-8ef6-41c2-bbe6-f9c79d09c432"
      }
    ],
    "_useOriginalSize": false,
    "_string": "",
    "_N$string": "",
    "_fontSize": 40,
    "_lineHeight": 40,
    "_enableWrapText": true,
    "_N$file": {
      "__uuid__": "6390e137-3ad1-4993-a0a6-42cc5183ec1b"
    },
    "_isSystemFontUsed": false,
    "_spacingX": 0,
    "_batchAsBitmap": false,
    "_N$horizontalAlign": 1,
    "_N$verticalAlign": 1,
    "_N$fontFamily": "Arial",
    "_N$overflow": 0,
    "_N$cacheMode": 0,
    "_id": "07eyBABNFHrLDKKSWlbflt"
  },
  {
    "__type__": "cc.PhysicsBoxCollider",
    "_name": "",
    "_objFlags": 0,
    "node": {
      "__id__": 8
    },
    "_enabled": true,
    "tag": 0,
    "_density": 1,
    "_sensor": false,
    "_friction": 0.2,
    "_restitution": 0,
    "body": null,
    "_offset": {
      "__type__": "cc.Vec2",
      "x": 0,
      "y": 0
    },
    "_size": {
      "__type__": "cc.Size",
      "width": 16,
      "height": 16
    },
    "_id": "04yPEWRd1FlqNKQ+O5lp1E"
  },
  {
    "__type__": "cc.Animation",
    "_name": "",
    "_objFlags": 0,
    "node": {
      "__id__": 8
    },
    "_enabled": true,
    "_defaultClip": null,
    "_clips": [
      {
        "__uuid__": "e1eece40-824b-4f82-ac64-d5435e08ff52"
      },
      {
        "__uuid__": "148aa34e-2781-4b7b-8bf3-7cb0e525b208"
      }
    ],
    "playOnLoad": false,
    "_id": "60XSu69/1Eg5HNSYvlLtLA"
  },
  {
    "__type__": "cc.Node",
    "_name": "background",
    "_objFlags": 0,
    "_parent": {
      "__id__": 1
    },
    "_children": [],
    "_active": true,
    "_components": [
      {
        "__id__": 20
      }
    ],
    "_prefab": null,
    "_opacity": 255,
    "_color": {
      "__type__": "cc.Color",
      "r": 255,
      "g": 255,
      "b": 255,
      "a": 255
    },
    "_contentSize": {
      "__type__": "cc.Size",
      "width": 560,
      "height": 240
    },
    "_anchorPoint": {
      "__type__": "cc.Vec2",
      "x": 0.5,
      "y": 0.5
    },
    "_trs": {
      "__type__": "TypedArray",
      "ctor": "Float64Array",
      "array": [
        283.013,
        125.868,
        0,
        0,
        0,
        0,
        1,
        1,
        1,
        1
      ]
    },
    "_eulerAngles": {
      "__type__": "cc.Vec3",
      "x": 0,
      "y": 0,
      "z": 0
    },
    "_skewX": 0,
    "_skewY": 0,
    "_is3DNode": false,
    "_groupIndex": 0,
    "groupIndex": 0,
    "_id": "e7Mx321i5BAa9dZjUAiT+F"
  },
  {
    "__type__": "cc.Sprite",
    "_name": "",
    "_objFlags": 0,
    "node": {
      "__id__": 19
    },
    "_enabled": true,
    "_materials": [
      {
        "__uuid__": "eca5d2f2-8ef6-41c2-bbe6-f9c79d09c432"
      }
    ],
    "_srcBlendFactor": 770,
    "_dstBlendFactor": 771,
    "_spriteFrame": {
      "__uuid__": "19c4f5ac-9f14-4b5a-9fa3-ea805f2d0e55"
    },
    "_type": 0,
    "_sizeMode": 1,
    "_fillType": 0,
    "_fillCenter": {
      "__type__": "cc.Vec2",
      "x": 0,
      "y": 0
    },
    "_fillStart": 0,
    "_fillRange": 0,
    "_isTrimmedMode": true,
    "_atlas": null,
    "_id": "7cNgiD+u5PurJH7kfp4ZXR"
  },
  {
    "__type__": "cc.Node",
    "_name": "lower bound",
    "_objFlags": 0,
    "_parent": {
      "__id__": 22
    },
    "_children": [],
    "_active": true,
    "_components": [
      {
        "__id__": 47
      },
      {
        "__id__": 48
      }
    ],
    "_prefab": null,
    "_opacity": 255,
    "_color": {
      "__type__": "cc.Color",
      "r": 255,
      "g": 255,
      "b": 255,
      "a": 255
    },
    "_contentSize": {
      "__type__": "cc.Size",
      "width": 1000,
      "height": 100
    },
    "_anchorPoint": {
      "__type__": "cc.Vec2",
      "x": 0.5,
      "y": 0.5
    },
    "_trs": {
      "__type__": "TypedArray",
      "ctor": "Float64Array",
      "array": [
        499.275,
        -42.559,
        0,
        0,
        0,
        0,
        1,
        1,
        1,
        1
      ]
    },
    "_eulerAngles": {
      "__type__": "cc.Vec3",
      "x": 0,
      "y": 0,
      "z": 0
    },
    "_skewX": 0,
    "_skewY": 0,
    "_is3DNode": false,
    "_groupIndex": 3,
    "groupIndex": 3,
    "_id": "4aCh8gW6BP/ZGz+huXSPXs"
  },
  {
    "__type__": "cc.Node",
    "_name": "map",
    "_objFlags": 0,
    "_parent": {
      "__id__": 1
    },
    "_children": [
      {
        "__id__": 23
      },
      {
        "__id__": 27
      },
      {
        "__id__": 31
      },
      {
        "__id__": 35
      },
      {
        "__id__": 21
      },
      {
        "__id__": 39
      },
      {
        "__id__": 42
      }
    ],
    "_active": true,
    "_components": [],
    "_prefab": null,
    "_opacity": 255,
    "_color": {
      "__type__": "cc.Color",
      "r": 255,
      "g": 255,
      "b": 255,
      "a": 255
    },
    "_contentSize": {
      "__type__": "cc.Size",
      "width": 0,
      "height": 0
    },
    "_anchorPoint": {
      "__type__": "cc.Vec2",
      "x": 0.5,
      "y": 0.5
    },
    "_trs": {
      "__type__": "TypedArray",
      "ctor": "Float64Array",
      "array": [
        0,
        0,
        0,
        0,
        0,
        0,
        1,
        1,
        1,
        1
      ]
    },
    "_eulerAngles": {
      "__type__": "cc.Vec3",
      "x": 0,
      "y": 0,
      "z": 0
    },
    "_skewX": 0,
    "_skewY": 0,
    "_is3DNode": false,
    "_groupIndex": 0,
    "groupIndex": 0,
    "_id": "29y1wLzrZHiLlowNA/qlZW"
  },
  {
    "__type__": "cc.Node",
    "_name": "1-1-1",
    "_objFlags": 0,
    "_parent": {
      "__id__": 22
    },
    "_children": [],
    "_active": true,
    "_components": [
      {
        "__id__": 24
      },
      {
        "__id__": 25
      },
      {
        "__id__": 26
      }
    ],
    "_prefab": null,
    "_opacity": 255,
    "_color": {
      "__type__": "cc.Color",
      "r": 255,
      "g": 255,
      "b": 255,
      "a": 255
    },
    "_contentSize": {
      "__type__": "cc.Size",
      "width": 976,
      "height": 96
    },
    "_anchorPoint": {
      "__type__": "cc.Vec2",
      "x": 0.5,
      "y": 0.5
    },
    "_trs": {
      "__type__": "TypedArray",
      "ctor": "Float64Array",
      "array": [
        486.841,
        57,
        0,
        0,
        0,
        0,
        1,
        1,
        1,
        1
      ]
    },
    "_eulerAngles": {
      "__type__": "cc.Vec3",
      "x": 0,
      "y": 0,
      "z": 0
    },
    "_skewX": 0,
    "_skewY": 0,
    "_is3DNode": false,
    "_groupIndex": 1,
    "groupIndex": 1,
    "_id": "2fNJ02OktCRqcuSdhkiwdq"
  },
  {
    "__type__": "cc.Sprite",
    "_name": "",
    "_objFlags": 0,
    "node": {
      "__id__": 23
    },
    "_enabled": true,
    "_materials": [
      {
        "__uuid__": "eca5d2f2-8ef6-41c2-bbe6-f9c79d09c432"
      }
    ],
    "_srcBlendFactor": 770,
    "_dstBlendFactor": 771,
    "_spriteFrame": {
      "__uuid__": "e8daf1d3-9ae5-47d6-b98c-94ff4a2bac13"
    },
    "_type": 0,
    "_sizeMode": 0,
    "_fillType": 0,
    "_fillCenter": {
      "__type__": "cc.Vec2",
      "x": 0,
      "y": 0
    },
    "_fillStart": 0,
    "_fillRange": 0,
    "_isTrimmedMode": true,
    "_atlas": null,
    "_id": "e1wm/nnpdHEqGI7GhrcC6I"
  },
  {
    "__type__": "cc.RigidBody",
    "_name": "",
    "_objFlags": 0,
    "node": {
      "__id__": 23
    },
    "_enabled": true,
    "_type": 0,
    "_allowSleep": false,
    "_gravityScale": 0,
    "_linearDamping": 0,
    "_angularDamping": 0,
    "_linearVelocity": {
      "__type__": "cc.Vec2",
      "x": 0,
      "y": 0
    },
    "_angularVelocity": 0,
    "_fixedRotation": false,
    "enabledContactListener": false,
    "bullet": false,
    "awakeOnLoad": true,
    "_id": "a8HL3SzuFFCKlDJsUL3CR+"
  },
  {
    "__type__": "cc.PhysicsPolygonCollider",
    "_name": "",
    "_objFlags": 0,
    "node": {
      "__id__": 23
    },
    "_enabled": true,
    "tag": 1,
    "_density": 5,
    "_sensor": false,
    "_friction": 0.2,
    "_restitution": 0,
    "body": null,
    "_offset": {
      "__type__": "cc.Vec2",
      "x": 0,
      "y": 0
    },
    "points": [
      {
        "__type__": "cc.Vec2",
        "x": 120,
        "y": 48
      },
      {
        "__type__": "cc.Vec2",
        "x": 120,
        "y": -16
      },
      {
        "__type__": "cc.Vec2",
        "x": 24,
        "y": -16
      },
      {
        "__type__": "cc.Vec2",
        "x": 24,
        "y": 32
      },
      {
        "__type__": "cc.Vec2",
        "x": -8,
        "y": 32
      },
      {
        "__type__": "cc.Vec2",
        "x": -8,
        "y": -16
      },
      {
        "__type__": "cc.Vec2",
        "x": -136,
        "y": -16
      },
      {
        "__type__": "cc.Vec2",
        "x": -136,
        "y": 16
      },
      {
        "__type__": "cc.Vec2",
        "x": -168,
        "y": 16
      },
      {
        "__type__": "cc.Vec2",
        "x": -168,
        "y": -16
      },
      {
        "__type__": "cc.Vec2",
        "x": -488,
        "y": -16
      },
      {
        "__type__": "cc.Vec2",
        "x": -488,
        "y": -48
      },
      {
        "__type__": "cc.Vec2",
        "x": 488,
        "y": -48
      },
      {
        "__type__": "cc.Vec2",
        "x": 488,
        "y": -16
      },
      {
        "__type__": "cc.Vec2",
        "x": 328,
        "y": -16
      },
      {
        "__type__": "cc.Vec2",
        "x": 328,
        "y": 48
      },
      {
        "__type__": "cc.Vec2",
        "x": 296,
        "y": 48
      },
      {
        "__type__": "cc.Vec2",
        "x": 296,
        "y": -16
      },
      {
        "__type__": "cc.Vec2",
        "x": 152,
        "y": -16
      },
      {
        "__type__": "cc.Vec2",
        "x": 152,
        "y": 48
      }
    ],
    "_id": "e6B/xESK5NK6BtJBl5vWXj"
  },
  {
    "__type__": "cc.Node",
    "_name": "1-1-2",
    "_objFlags": 0,
    "_parent": {
      "__id__": 22
    },
    "_children": [],
    "_active": true,
    "_components": [
      {
        "__id__": 28
      },
      {
        "__id__": 29
      },
      {
        "__id__": 30
      }
    ],
    "_prefab": null,
    "_opacity": 255,
    "_color": {
      "__type__": "cc.Color",
      "r": 255,
      "g": 255,
      "b": 255,
      "a": 255
    },
    "_contentSize": {
      "__type__": "cc.Size",
      "width": 240,
      "height": 32
    },
    "_anchorPoint": {
      "__type__": "cc.Vec2",
      "x": 0.5,
      "y": 0.5
    },
    "_trs": {
      "__type__": "TypedArray",
      "ctor": "Float64Array",
      "array": [
        1129.255,
        24.371,
        0,
        0,
        0,
        0,
        1,
        1,
        1,
        1
      ]
    },
    "_eulerAngles": {
      "__type__": "cc.Vec3",
      "x": 0,
      "y": 0,
      "z": 0
    },
    "_skewX": 0,
    "_skewY": 0,
    "_is3DNode": false,
    "_groupIndex": 1,
    "groupIndex": 1,
    "_id": "14Gn9sfyRP6bJVq19hdR08"
  },
  {
    "__type__": "cc.Sprite",
    "_name": "",
    "_objFlags": 0,
    "node": {
      "__id__": 27
    },
    "_enabled": true,
    "_materials": [
      {
        "__uuid__": "eca5d2f2-8ef6-41c2-bbe6-f9c79d09c432"
      }
    ],
    "_srcBlendFactor": 770,
    "_dstBlendFactor": 771,
    "_spriteFrame": {
      "__uuid__": "fd5ebace-eb02-4bae-9475-13730bd6a724"
    },
    "_type": 0,
    "_sizeMode": 0,
    "_fillType": 0,
    "_fillCenter": {
      "__type__": "cc.Vec2",
      "x": 0,
      "y": 0
    },
    "_fillStart": 0,
    "_fillRange": 0,
    "_isTrimmedMode": true,
    "_atlas": null,
    "_id": "96QhPXlMFClKGMuHoEqar8"
  },
  {
    "__type__": "cc.RigidBody",
    "_name": "",
    "_objFlags": 0,
    "node": {
      "__id__": 27
    },
    "_enabled": true,
    "_type": 0,
    "_allowSleep": false,
    "_gravityScale": 0,
    "_linearDamping": 0,
    "_angularDamping": 0,
    "_linearVelocity": {
      "__type__": "cc.Vec2",
      "x": 0,
      "y": 0
    },
    "_angularVelocity": 0,
    "_fixedRotation": false,
    "enabledContactListener": false,
    "bullet": false,
    "awakeOnLoad": true,
    "_id": "7aa9Vab51Gso7ONJ3ytbAX"
  },
  {
    "__type__": "cc.PhysicsPolygonCollider",
    "_name": "",
    "_objFlags": 0,
    "node": {
      "__id__": 27
    },
    "_enabled": true,
    "tag": 1,
    "_density": 5,
    "_sensor": false,
    "_friction": 0.2,
    "_restitution": 0,
    "body": null,
    "_offset": {
      "__type__": "cc.Vec2",
      "x": 0,
      "y": 0
    },
    "points": [
      {
        "__type__": "cc.Vec2",
        "x": -120,
        "y": 16
      },
      {
        "__type__": "cc.Vec2",
        "x": -120,
        "y": -16
      },
      {
        "__type__": "cc.Vec2",
        "x": 120,
        "y": -16
      },
      {
        "__type__": "cc.Vec2",
        "x": 120,
        "y": 16
      }
    ],
    "_id": "97a9KDYt9Km7N2d+7aUKjz"
  },
  {
    "__type__": "cc.Node",
    "_name": "1-1-3",
    "_objFlags": 0,
    "_parent": {
      "__id__": 22
    },
    "_children": [],
    "_active": true,
    "_components": [
      {
        "__id__": 32
      },
      {
        "__id__": 33
      },
      {
        "__id__": 34
      }
    ],
    "_prefab": null,
    "_opacity": 255,
    "_color": {
      "__type__": "cc.Color",
      "r": 255,
      "g": 255,
      "b": 255,
      "a": 255
    },
    "_contentSize": {
      "__type__": "cc.Size",
      "width": 1024,
      "height": 96
    },
    "_anchorPoint": {
      "__type__": "cc.Vec2",
      "x": 0.5,
      "y": 0.5
    },
    "_trs": {
      "__type__": "TypedArray",
      "ctor": "Float64Array",
      "array": [
        1818.598,
        53.282,
        0,
        0,
        0,
        0,
        1,
        1,
        1,
        1
      ]
    },
    "_eulerAngles": {
      "__type__": "cc.Vec3",
      "x": 0,
      "y": 0,
      "z": 0
    },
    "_skewX": 0,
    "_skewY": 0,
    "_is3DNode": false,
    "_groupIndex": 1,
    "groupIndex": 1,
    "_id": "29nDCGvHJBjqTi+tSxM63F"
  },
  {
    "__type__": "cc.Sprite",
    "_name": "",
    "_objFlags": 0,
    "node": {
      "__id__": 31
    },
    "_enabled": true,
    "_materials": [
      {
        "__uuid__": "eca5d2f2-8ef6-41c2-bbe6-f9c79d09c432"
      }
    ],
    "_srcBlendFactor": 770,
    "_dstBlendFactor": 771,
    "_spriteFrame": {
      "__uuid__": "0c19ff74-2469-4da8-8467-bd8c8b348c1b"
    },
    "_type": 0,
    "_sizeMode": 0,
    "_fillType": 0,
    "_fillCenter": {
      "__type__": "cc.Vec2",
      "x": 0,
      "y": 0
    },
    "_fillStart": 0,
    "_fillRange": 0,
    "_isTrimmedMode": true,
    "_atlas": null,
    "_id": "615Uok/AdBR7EHhoeM0DFx"
  },
  {
    "__type__": "cc.RigidBody",
    "_name": "",
    "_objFlags": 0,
    "node": {
      "__id__": 31
    },
    "_enabled": true,
    "_type": 0,
    "_allowSleep": false,
    "_gravityScale": 0,
    "_linearDamping": 0,
    "_angularDamping": 0,
    "_linearVelocity": {
      "__type__": "cc.Vec2",
      "x": 0,
      "y": 0
    },
    "_angularVelocity": 0,
    "_fixedRotation": false,
    "enabledContactListener": false,
    "bullet": false,
    "awakeOnLoad": true,
    "_id": "a1XFHavt9C/r+OOUwtzmO4"
  },
  {
    "__type__": "cc.PhysicsPolygonCollider",
    "_name": "",
    "_objFlags": 0,
    "node": {
      "__id__": 31
    },
    "_enabled": true,
    "tag": 1,
    "_density": 5,
    "_sensor": false,
    "_friction": 0.2,
    "_restitution": 0,
    "body": null,
    "_offset": {
      "__type__": "cc.Vec2",
      "x": 0,
      "y": 0
    },
    "points": [
      {
        "__type__": "cc.Vec2",
        "x": 256,
        "y": 48
      },
      {
        "__type__": "cc.Vec2",
        "x": 256,
        "y": 32
      },
      {
        "__type__": "cc.Vec2",
        "x": 240,
        "y": 32
      },
      {
        "__type__": "cc.Vec2",
        "x": 240,
        "y": 16
      },
      {
        "__type__": "cc.Vec2",
        "x": 224,
        "y": 16
      },
      {
        "__type__": "cc.Vec2",
        "x": 224,
        "y": 0
      },
      {
        "__type__": "cc.Vec2",
        "x": 208,
        "y": 0
      },
      {
        "__type__": "cc.Vec2",
        "x": 208,
        "y": -16
      },
      {
        "__type__": "cc.Vec2",
        "x": -512,
        "y": -16
      },
      {
        "__type__": "cc.Vec2",
        "x": -512,
        "y": -48
      },
      {
        "__type__": "cc.Vec2",
        "x": 512,
        "y": -48
      },
      {
        "__type__": "cc.Vec2",
        "x": 512,
        "y": 48
      },
      {
        "__type__": "cc.Vec2",
        "x": 480,
        "y": 48
      },
      {
        "__type__": "cc.Vec2",
        "x": 480,
        "y": 32
      },
      {
        "__type__": "cc.Vec2",
        "x": 464,
        "y": 32
      },
      {
        "__type__": "cc.Vec2",
        "x": 464,
        "y": 16
      },
      {
        "__type__": "cc.Vec2",
        "x": 448,
        "y": 16
      },
      {
        "__type__": "cc.Vec2",
        "x": 448,
        "y": 0
      },
      {
        "__type__": "cc.Vec2",
        "x": 432,
        "y": 0
      },
      {
        "__type__": "cc.Vec2",
        "x": 432,
        "y": -16
      },
      {
        "__type__": "cc.Vec2",
        "x": 368,
        "y": -16
      },
      {
        "__type__": "cc.Vec2",
        "x": 368,
        "y": 0
      },
      {
        "__type__": "cc.Vec2",
        "x": 352,
        "y": 0
      },
      {
        "__type__": "cc.Vec2",
        "x": 352,
        "y": 16
      },
      {
        "__type__": "cc.Vec2",
        "x": 336,
        "y": 16
      },
      {
        "__type__": "cc.Vec2",
        "x": 336,
        "y": 32
      },
      {
        "__type__": "cc.Vec2",
        "x": 320,
        "y": 32
      },
      {
        "__type__": "cc.Vec2",
        "x": 320,
        "y": 48
      },
      {
        "__type__": "cc.Vec2",
        "x": 304,
        "y": 48
      },
      {
        "__type__": "cc.Vec2",
        "x": 304,
        "y": -16
      },
      {
        "__type__": "cc.Vec2",
        "x": 272,
        "y": -16
      },
      {
        "__type__": "cc.Vec2",
        "x": 272,
        "y": 48
      }
    ],
    "_id": "ceZ2YEaxtN3YvH2N0G+5CN"
  },
  {
    "__type__": "cc.Node",
    "_name": "1-1-4",
    "_objFlags": 0,
    "_parent": {
      "__id__": 22
    },
    "_children": [],
    "_active": true,
    "_components": [
      {
        "__id__": 36
      },
      {
        "__id__": 37
      },
      {
        "__id__": 38
      }
    ],
    "_prefab": null,
    "_opacity": 255,
    "_color": {
      "__type__": "cc.Color",
      "r": 255,
      "g": 255,
      "b": 255,
      "a": 255
    },
    "_contentSize": {
      "__type__": "cc.Size",
      "width": 848,
      "height": 160
    },
    "_anchorPoint": {
      "__type__": "cc.Vec2",
      "x": 0.5,
      "y": 0.5
    },
    "_trs": {
      "__type__": "TypedArray",
      "ctor": "Float64Array",
      "array": [
        2810.548,
        88.918,
        0,
        0,
        0,
        0,
        1,
        1,
        1,
        1
      ]
    },
    "_eulerAngles": {
      "__type__": "cc.Vec3",
      "x": 0,
      "y": 0,
      "z": 0
    },
    "_skewX": 0,
    "_skewY": 0,
    "_is3DNode": false,
    "_groupIndex": 1,
    "groupIndex": 1,
    "_id": "293+TeIs9KILB+mUdAbbZF"
  },
  {
    "__type__": "cc.Sprite",
    "_name": "",
    "_objFlags": 0,
    "node": {
      "__id__": 35
    },
    "_enabled": true,
    "_materials": [
      {
        "__uuid__": "eca5d2f2-8ef6-41c2-bbe6-f9c79d09c432"
      }
    ],
    "_srcBlendFactor": 770,
    "_dstBlendFactor": 771,
    "_spriteFrame": {
      "__uuid__": "3efb73d0-65b2-45a3-b142-7ed77e3635ca"
    },
    "_type": 0,
    "_sizeMode": 0,
    "_fillType": 0,
    "_fillCenter": {
      "__type__": "cc.Vec2",
      "x": 0,
      "y": 0
    },
    "_fillStart": 0,
    "_fillRange": 0,
    "_isTrimmedMode": true,
    "_atlas": null,
    "_id": "57MF4nh6JObZqi5jZfjOnj"
  },
  {
    "__type__": "cc.RigidBody",
    "_name": "",
    "_objFlags": 0,
    "node": {
      "__id__": 35
    },
    "_enabled": true,
    "_type": 0,
    "_allowSleep": false,
    "_gravityScale": 1,
    "_linearDamping": 0,
    "_angularDamping": 0,
    "_linearVelocity": {
      "__type__": "cc.Vec2",
      "x": 0,
      "y": 0
    },
    "_angularVelocity": 0,
    "_fixedRotation": false,
    "enabledContactListener": false,
    "bullet": false,
    "awakeOnLoad": true,
    "_id": "91B633arFLcaUW00jj1hXZ"
  },
  {
    "__type__": "cc.PhysicsPolygonCollider",
    "_name": "",
    "_objFlags": 0,
    "node": {
      "__id__": 35
    },
    "_enabled": true,
    "tag": 1,
    "_density": 1,
    "_sensor": false,
    "_friction": 0.2,
    "_restitution": 0,
    "body": null,
    "_offset": {
      "__type__": "cc.Vec2",
      "x": 0,
      "y": 0
    },
    "points": [
      {
        "__type__": "cc.Vec2",
        "x": 104,
        "y": 80
      },
      {
        "__type__": "cc.Vec2",
        "x": 104,
        "y": 64
      },
      {
        "__type__": "cc.Vec2",
        "x": 88,
        "y": 64
      },
      {
        "__type__": "cc.Vec2",
        "x": 88,
        "y": 48
      },
      {
        "__type__": "cc.Vec2",
        "x": 72,
        "y": 48
      },
      {
        "__type__": "cc.Vec2",
        "x": 72,
        "y": 32
      },
      {
        "__type__": "cc.Vec2",
        "x": 56,
        "y": 32
      },
      {
        "__type__": "cc.Vec2",
        "x": 56,
        "y": 16
      },
      {
        "__type__": "cc.Vec2",
        "x": 40,
        "y": 16
      },
      {
        "__type__": "cc.Vec2",
        "x": 40,
        "y": 0
      },
      {
        "__type__": "cc.Vec2",
        "x": 24,
        "y": 0
      },
      {
        "__type__": "cc.Vec2",
        "x": 24,
        "y": -16
      },
      {
        "__type__": "cc.Vec2",
        "x": 8,
        "y": -16
      },
      {
        "__type__": "cc.Vec2",
        "x": 8,
        "y": -32
      },
      {
        "__type__": "cc.Vec2",
        "x": -8,
        "y": -32
      },
      {
        "__type__": "cc.Vec2",
        "x": -8,
        "y": -16
      },
      {
        "__type__": "cc.Vec2",
        "x": -40,
        "y": -16
      },
      {
        "__type__": "cc.Vec2",
        "x": -40,
        "y": -48
      },
      {
        "__type__": "cc.Vec2",
        "x": -264,
        "y": -48
      },
      {
        "__type__": "cc.Vec2",
        "x": -264,
        "y": -16
      },
      {
        "__type__": "cc.Vec2",
        "x": -296,
        "y": -16
      },
      {
        "__type__": "cc.Vec2",
        "x": -296,
        "y": -48
      },
      {
        "__type__": "cc.Vec2",
        "x": -360,
        "y": -48
      },
      {
        "__type__": "cc.Vec2",
        "x": -360,
        "y": -32
      },
      {
        "__type__": "cc.Vec2",
        "x": -376,
        "y": -32
      },
      {
        "__type__": "cc.Vec2",
        "x": -376,
        "y": -16
      },
      {
        "__type__": "cc.Vec2",
        "x": -392,
        "y": -16
      },
      {
        "__type__": "cc.Vec2",
        "x": -392,
        "y": 0
      },
      {
        "__type__": "cc.Vec2",
        "x": -408,
        "y": 0
      },
      {
        "__type__": "cc.Vec2",
        "x": -408,
        "y": 16
      },
      {
        "__type__": "cc.Vec2",
        "x": -424,
        "y": 16
      },
      {
        "__type__": "cc.Vec2",
        "x": -424,
        "y": -80
      },
      {
        "__type__": "cc.Vec2",
        "x": 424,
        "y": -80
      },
      {
        "__type__": "cc.Vec2",
        "x": 424,
        "y": -48
      },
      {
        "__type__": "cc.Vec2",
        "x": 136,
        "y": -48
      },
      {
        "__type__": "cc.Vec2",
        "x": 136,
        "y": 80
      }
    ],
    "_id": "f5+QJV75pPt5hvnC4/sFD8"
  },
  {
    "__type__": "cc.Node",
    "_name": "left bound",
    "_objFlags": 0,
    "_parent": {
      "__id__": 22
    },
    "_children": [],
    "_active": true,
    "_components": [
      {
        "__id__": 40
      },
      {
        "__id__": 41
      }
    ],
    "_prefab": null,
    "_opacity": 255,
    "_color": {
      "__type__": "cc.Color",
      "r": 255,
      "g": 255,
      "b": 255,
      "a": 255
    },
    "_contentSize": {
      "__type__": "cc.Size",
      "width": 100,
      "height": 1000
    },
    "_anchorPoint": {
      "__type__": "cc.Vec2",
      "x": 0.5,
      "y": 0.5
    },
    "_trs": {
      "__type__": "TypedArray",
      "ctor": "Float64Array",
      "array": [
        2810.548,
        88.918,
        0,
        0,
        0,
        0,
        1,
        1,
        1,
        1
      ]
    },
    "_eulerAngles": {
      "__type__": "cc.Vec3",
      "x": 0,
      "y": 0,
      "z": 0
    },
    "_skewX": 0,
    "_skewY": 0,
    "_is3DNode": false,
    "_groupIndex": 0,
    "groupIndex": 0,
    "_id": "e9lDghw/9PgYNSOpxe+3Ej"
  },
  {
    "__type__": "cc.RigidBody",
    "_name": "",
    "_objFlags": 0,
    "node": {
      "__id__": 39
    },
    "_enabled": true,
    "_type": 0,
    "_allowSleep": true,
    "_gravityScale": 1,
    "_linearDamping": 0,
    "_angularDamping": 0,
    "_linearVelocity": {
      "__type__": "cc.Vec2",
      "x": 0,
      "y": 0
    },
    "_angularVelocity": 0,
    "_fixedRotation": false,
    "enabledContactListener": false,
    "bullet": false,
    "awakeOnLoad": true,
    "_id": "c4gILiXxBMh4IqoQH7Win3"
  },
  {
    "__type__": "cc.PhysicsBoxCollider",
    "_name": "",
    "_objFlags": 0,
    "node": {
      "__id__": 39
    },
    "_enabled": true,
    "tag": 0,
    "_density": 1,
    "_sensor": false,
    "_friction": 0.2,
    "_restitution": 0,
    "body": null,
    "_offset": {
      "__type__": "cc.Vec2",
      "x": 0,
      "y": 0
    },
    "_size": {
      "__type__": "cc.Size",
      "width": 100,
      "height": 1000
    },
    "_id": "01OAFRmndBEbzQC4Yb41kr"
  },
  {
    "__type__": "cc.Node",
    "_name": "flag",
    "_objFlags": 0,
    "_parent": {
      "__id__": 22
    },
    "_children": [],
    "_active": true,
    "_components": [
      {
        "__id__": 43
      },
      {
        "__id__": 44
      },
      {
        "__id__": 45
      },
      {
        "__id__": 46
      }
    ],
    "_prefab": null,
    "_opacity": 255,
    "_color": {
      "__type__": "cc.Color",
      "r": 255,
      "g": 255,
      "b": 255,
      "a": 255
    },
    "_contentSize": {
      "__type__": "cc.Size",
      "width": 50,
      "height": 200
    },
    "_anchorPoint": {
      "__type__": "cc.Vec2",
      "x": 0.5,
      "y": 0.5
    },
    "_trs": {
      "__type__": "TypedArray",
      "ctor": "Float64Array",
      "array": [
        3097.175,
        141.957,
        0,
        0,
        0,
        0,
        1,
        1,
        1,
        1
      ]
    },
    "_eulerAngles": {
      "__type__": "cc.Vec3",
      "x": 0,
      "y": 0,
      "z": 0
    },
    "_skewX": 0,
    "_skewY": 0,
    "_is3DNode": false,
    "_groupIndex": 5,
    "groupIndex": 5,
    "_id": "63PEn7SMpDPLhQIX7pP8KJ"
  },
  {
    "__type__": "cc.Sprite",
    "_name": "",
    "_objFlags": 0,
    "node": {
      "__id__": 42
    },
    "_enabled": true,
    "_materials": [
      {
        "__uuid__": "eca5d2f2-8ef6-41c2-bbe6-f9c79d09c432"
      }
    ],
    "_srcBlendFactor": 770,
    "_dstBlendFactor": 771,
    "_spriteFrame": {
      "__uuid__": "0e2808cf-5a13-4f5e-9587-adc1c292bf90"
    },
    "_type": 0,
    "_sizeMode": 0,
    "_fillType": 0,
    "_fillCenter": {
      "__type__": "cc.Vec2",
      "x": 0,
      "y": 0
    },
    "_fillStart": 0,
    "_fillRange": 0,
    "_isTrimmedMode": true,
    "_atlas": null,
    "_id": "02bfZGq/hP24LaL39eGJ0N"
  },
  {
    "__type__": "cc.RigidBody",
    "_name": "",
    "_objFlags": 0,
    "node": {
      "__id__": 42
    },
    "_enabled": true,
    "_type": 0,
    "_allowSleep": true,
    "_gravityScale": 1,
    "_linearDamping": 0,
    "_angularDamping": 0,
    "_linearVelocity": {
      "__type__": "cc.Vec2",
      "x": 0,
      "y": 0
    },
    "_angularVelocity": 0,
    "_fixedRotation": true,
    "enabledContactListener": true,
    "bullet": false,
    "awakeOnLoad": true,
    "_id": "92zleXLUxJ3YPoBxtePA6Z"
  },
  {
    "__type__": "cc.PhysicsBoxCollider",
    "_name": "",
    "_objFlags": 0,
    "node": {
      "__id__": 42
    },
    "_enabled": true,
    "tag": 10,
    "_density": 1,
    "_sensor": false,
    "_friction": 0.2,
    "_restitution": 0,
    "body": null,
    "_offset": {
      "__type__": "cc.Vec2",
      "x": 0,
      "y": 0
    },
    "_size": {
      "__type__": "cc.Size",
      "width": 50,
      "height": 200
    },
    "_id": "02W0L85ulBqKlU3oocdH9J"
  },
  {
    "__type__": "cc.Animation",
    "_name": "",
    "_objFlags": 0,
    "node": {
      "__id__": 42
    },
    "_enabled": true,
    "_defaultClip": null,
    "_clips": [],
    "playOnLoad": false,
    "_id": "cffa7w74JBaKLlsQVDDqMc"
  },
  {
    "__type__": "cc.RigidBody",
    "_name": "",
    "_objFlags": 0,
    "node": {
      "__id__": 21
    },
    "_enabled": true,
    "_type": 0,
    "_allowSleep": true,
    "_gravityScale": 1,
    "_linearDamping": 0,
    "_angularDamping": 0,
    "_linearVelocity": {
      "__type__": "cc.Vec2",
      "x": 0,
      "y": 0
    },
    "_angularVelocity": 0,
    "_fixedRotation": false,
    "enabledContactListener": false,
    "bullet": false,
    "awakeOnLoad": true,
    "_id": "41xjNHzKRInp9ncpu7MqU6"
  },
  {
    "__type__": "cc.PhysicsBoxCollider",
    "_name": "",
    "_objFlags": 0,
    "node": {
      "__id__": 21
    },
    "_enabled": true,
    "tag": 2,
    "_density": 1,
    "_sensor": false,
    "_friction": 0.2,
    "_restitution": 0,
    "body": null,
    "_offset": {
      "__type__": "cc.Vec2",
      "x": 0,
      "y": 0
    },
    "_size": {
      "__type__": "cc.Size",
      "width": 1000,
      "height": 100
    },
    "_id": "3bVaFDt5FCHYPRJ498zosX"
  },
  {
    "__type__": "cc.Animation",
    "_name": "",
    "_objFlags": 0,
    "node": {
      "__id__": 6
    },
    "_enabled": true,
    "_defaultClip": null,
    "_clips": [],
    "playOnLoad": false,
    "_id": "189usnhYFJgbJ8dR0ph6US"
  },
  {
    "__type__": "cc.Node",
    "_name": "enemy",
    "_objFlags": 0,
    "_parent": {
      "__id__": 1
    },
    "_children": [
      {
        "__id__": 51
      },
      {
        "__id__": 56
      }
    ],
    "_active": true,
    "_components": [],
    "_prefab": null,
    "_opacity": 255,
    "_color": {
      "__type__": "cc.Color",
      "r": 255,
      "g": 255,
      "b": 255,
      "a": 255
    },
    "_contentSize": {
      "__type__": "cc.Size",
      "width": 0,
      "height": 0
    },
    "_anchorPoint": {
      "__type__": "cc.Vec2",
      "x": 0.5,
      "y": 0.5
    },
    "_trs": {
      "__type__": "TypedArray",
      "ctor": "Float64Array",
      "array": [
        0,
        0,
        0,
        0,
        0,
        0,
        1,
        1,
        1,
        1
      ]
    },
    "_eulerAngles": {
      "__type__": "cc.Vec3",
      "x": 0,
      "y": 0,
      "z": 0
    },
    "_skewX": 0,
    "_skewY": 0,
    "_is3DNode": false,
    "_groupIndex": 0,
    "groupIndex": 0,
    "_id": "f335ZiT5JIcayZjc6nBeAR"
  },
  {
    "__type__": "cc.Node",
    "_name": "flower",
    "_objFlags": 0,
    "_parent": {
      "__id__": 50
    },
    "_children": [],
    "_active": true,
    "_components": [
      {
        "__id__": 52
      },
      {
        "__id__": 53
      },
      {
        "__id__": 54
      },
      {
        "__id__": 55
      }
    ],
    "_prefab": null,
    "_opacity": 255,
    "_color": {
      "__type__": "cc.Color",
      "r": 255,
      "g": 255,
      "b": 255,
      "a": 255
    },
    "_contentSize": {
      "__type__": "cc.Size",
      "width": 20,
      "height": 34
    },
    "_anchorPoint": {
      "__type__": "cc.Vec2",
      "x": 0.5,
      "y": 0.5
    },
    "_trs": {
      "__type__": "TypedArray",
      "ctor": "Float64Array",
      "array": [
        493,
        61.475,
        0,
        0,
        0,
        0,
        1,
        1,
        1,
        1
      ]
    },
    "_eulerAngles": {
      "__type__": "cc.Vec3",
      "x": 0,
      "y": 0,
      "z": 0
    },
    "_skewX": 0,
    "_skewY": 0,
    "_is3DNode": false,
    "_groupIndex": 4,
    "groupIndex": 4,
    "_id": "56VGbLPYdOgoEdgziG/zYh"
  },
  {
    "__type__": "cc.RigidBody",
    "_name": "",
    "_objFlags": 0,
    "node": {
      "__id__": 51
    },
    "_enabled": true,
    "_type": 1,
    "_allowSleep": true,
    "_gravityScale": 0,
    "_linearDamping": 0,
    "_angularDamping": 0,
    "_linearVelocity": {
      "__type__": "cc.Vec2",
      "x": 0,
      "y": 0
    },
    "_angularVelocity": 0,
    "_fixedRotation": true,
    "enabledContactListener": true,
    "bullet": false,
    "awakeOnLoad": true,
    "_id": "3aT85kV+tFLYT4BqHWIWU9"
  },
  {
    "__type__": "cc.PhysicsBoxCollider",
    "_name": "",
    "_objFlags": 0,
    "node": {
      "__id__": 51
    },
    "_enabled": true,
    "tag": 4,
    "_density": 1,
    "_sensor": false,
    "_friction": 0.2,
    "_restitution": 0,
    "body": null,
    "_offset": {
      "__type__": "cc.Vec2",
      "x": 0,
      "y": 0
    },
    "_size": {
      "__type__": "cc.Size",
      "width": 20,
      "height": 34
    },
    "_id": "102btLawRH1Y9irCeYLGyO"
  },
  {
    "__type__": "cc.Sprite",
    "_name": "",
    "_objFlags": 0,
    "node": {
      "__id__": 51
    },
    "_enabled": true,
    "_materials": [
      {
        "__uuid__": "eca5d2f2-8ef6-41c2-bbe6-f9c79d09c432"
      }
    ],
    "_srcBlendFactor": 770,
    "_dstBlendFactor": 771,
    "_spriteFrame": {
      "__uuid__": "5fe1bdd1-fc8e-4611-bbb1-75610eff27f9"
    },
    "_type": 0,
    "_sizeMode": 1,
    "_fillType": 0,
    "_fillCenter": {
      "__type__": "cc.Vec2",
      "x": 0,
      "y": 0
    },
    "_fillStart": 0,
    "_fillRange": 0,
    "_isTrimmedMode": true,
    "_atlas": {
      "__uuid__": "96b01474-f530-4f06-aaa2-72caa02823cc"
    },
    "_id": "caZg72Y0pD2429qiUES2ob"
  },
  {
    "__type__": "f141fhIwRNNoL+qTouuLRM+",
    "_name": "",
    "_objFlags": 0,
    "node": {
      "__id__": 51
    },
    "_enabled": true,
    "_id": "d2wS7g9SNNtL+g0j3zG+Ef"
  },
  {
    "__type__": "cc.Node",
    "_name": "fly_mush",
    "_objFlags": 0,
    "_parent": {
      "__id__": 50
    },
    "_children": [],
    "_active": true,
    "_components": [
      {
        "__id__": 57
      },
      {
        "__id__": 58
      },
      {
        "__id__": 59
      },
      {
        "__id__": 60
      }
    ],
    "_prefab": null,
    "_opacity": 255,
    "_color": {
      "__type__": "cc.Color",
      "r": 255,
      "g": 255,
      "b": 255,
      "a": 255
    },
    "_contentSize": {
      "__type__": "cc.Size",
      "width": 20,
      "height": 24
    },
    "_anchorPoint": {
      "__type__": "cc.Vec2",
      "x": 0.5,
      "y": 0.5
    },
    "_trs": {
      "__type__": "TypedArray",
      "ctor": "Float64Array",
      "array": [
        360.332,
        130.164,
        0,
        0,
        0,
        0,
        1,
        1,
        1,
        1
      ]
    },
    "_eulerAngles": {
      "__type__": "cc.Vec3",
      "x": 0,
      "y": 0,
      "z": 0
    },
    "_skewX": 0,
    "_skewY": 0,
    "_is3DNode": false,
    "_groupIndex": 4,
    "groupIndex": 4,
    "_id": "077PqqO6RNvLAbK8Mw4res"
  },
  {
    "__type__": "cc.Sprite",
    "_name": "",
    "_objFlags": 0,
    "node": {
      "__id__": 56
    },
    "_enabled": true,
    "_materials": [
      {
        "__uuid__": "eca5d2f2-8ef6-41c2-bbe6-f9c79d09c432"
      }
    ],
    "_srcBlendFactor": 770,
    "_dstBlendFactor": 771,
    "_spriteFrame": {
      "__uuid__": "f82c74d1-02f9-48f6-8ee1-eabbac2879b8"
    },
    "_type": 0,
    "_sizeMode": 0,
    "_fillType": 0,
    "_fillCenter": {
      "__type__": "cc.Vec2",
      "x": 0,
      "y": 0
    },
    "_fillStart": 0,
    "_fillRange": 0,
    "_isTrimmedMode": true,
    "_atlas": {
      "__uuid__": "a012c6df-1dec-4d2b-9c73-fda553214c5d"
    },
    "_id": "834N9L+BRLZ69pYXp9isU1"
  },
  {
    "__type__": "cc.RigidBody",
    "_name": "",
    "_objFlags": 0,
    "node": {
      "__id__": 56
    },
    "_enabled": true,
    "_type": 1,
    "_allowSleep": false,
    "_gravityScale": 0,
    "_linearDamping": 0,
    "_angularDamping": 0,
    "_linearVelocity": {
      "__type__": "cc.Vec2",
      "x": 0,
      "y": 0
    },
    "_angularVelocity": 0,
    "_fixedRotation": true,
    "enabledContactListener": true,
    "bullet": false,
    "awakeOnLoad": true,
    "_id": "abd16GNzJIQraUhW44mj52"
  },
  {
    "__type__": "cc.PhysicsBoxCollider",
    "_name": "",
    "_objFlags": 0,
    "node": {
      "__id__": 56
    },
    "_enabled": true,
    "tag": 3,
    "_density": 1,
    "_sensor": false,
    "_friction": 0.2,
    "_restitution": 0,
    "body": null,
    "_offset": {
      "__type__": "cc.Vec2",
      "x": 0,
      "y": -2.8
    },
    "_size": {
      "__type__": "cc.Size",
      "width": 20,
      "height": 18.5
    },
    "_id": "5cyLwNUmND+rqkJv39Tq4q"
  },
  {
    "__type__": "28ef6XmU0xM07oZevkUwEB1",
    "_name": "",
    "_objFlags": 0,
    "node": {
      "__id__": 56
    },
    "_enabled": true,
    "_id": "01le0Y+f1BVLE4/pfAr+9x"
  }
]