{
  "__type__": "cc.SpriteAtlas",
  "_name": "mario_small.plist",
  "_objFlags": 0,
  "_native": "",
  "_spriteFrames": {
    "mario_small_0": {
      "__uuid__": "e38fceb6-bfb4-4563-a8f9-c36af3d37d09"
    },
    "mario_small_1": {
      "__uuid__": "b4833fb2-0f28-4742-b50b-1536a5fa55bd"
    },
    "mario_small_10": {
      "__uuid__": "229cab0b-8767-4b9e-8347-14aad04b9711"
    },
    "mario_small_11": {
      "__uuid__": "b57e1de0-60d1-47ab-8663-02aea695fe04"
    },
    "mario_small_12": {
      "__uuid__": "759eb512-7b63-4f49-a51f-4fea26e83473"
    },
    "mario_small_13": {
      "__uuid__": "e4199a2b-9564-4e1d-b02e-3505edb4ba8a"
    },
    "mario_small_14": {
      "__uuid__": "14e3346e-e914-4509-893f-15bc04379afe"
    },
    "mario_small_15": {
      "__uuid__": "b454b86c-ba2f-47cb-90d9-41c64ac88d6d"
    },
    "mario_small_16": {
      "__uuid__": "1b2088c9-8c3a-4ffe-b254-16f6a098d61b"
    },
    "mario_small_17": {
      "__uuid__": "e134e175-85d6-4989-8ec7-08d7786e1779"
    },
    "mario_small_18": {
      "__uuid__": "6df06dc2-ebde-4f60-b028-853ba51126ce"
    },
    "mario_small_19": {
      "__uuid__": "619db259-5da3-4515-b74a-928c4c6e0cf8"
    },
    "mario_small_2": {
      "__uuid__": "91c29316-9885-457e-b03d-5ea4349eacda"
    },
    "mario_small_22": {
      "__uuid__": "5a98c462-ae29-4602-b67d-00e16983ea64"
    },
    "mario_small_23": {
      "__uuid__": "14d4076e-80ad-4479-959a-9daf08aa0beb"
    },
    "mario_small_24": {
      "__uuid__": "0371bdf2-438c-4939-8581-c1183fb38aa2"
    },
    "mario_small_25": {
      "__uuid__": "10d91ef5-856b-4213-9313-a203b38db24f"
    },
    "mario_small_26": {
      "__uuid__": "c1db6478-3675-4410-9a02-9fdc368fca38"
    },
    "mario_small_27": {
      "__uuid__": "7646c089-c63c-4d20-8c13-a61a82cf24da"
    },
    "mario_small_28": {
      "__uuid__": "ed288e95-1360-4742-ab50-165dc0f41076"
    },
    "mario_small_29": {
      "__uuid__": "e17b98a6-cd5c-42c5-94f8-b3227624f045"
    },
    "mario_small_3": {
      "__uuid__": "d1f61089-d237-4e4e-86d7-f59ee74614c2"
    },
    "mario_small_30": {
      "__uuid__": "42a6ef22-cfe4-4932-b3e7-394332a72601"
    },
    "mario_small_31": {
      "__uuid__": "97cdbd96-e5f2-44c1-8f8e-85a1f1c16e75"
    },
    "mario_small_32": {
      "__uuid__": "9b3ed056-ab8e-4487-a564-5e77608791a7"
    },
    "mario_small_33": {
      "__uuid__": "d1eb0c2e-ccdb-4f5a-aa4b-9bc19978433e"
    },
    "mario_small_34": {
      "__uuid__": "f19d539c-2223-430a-a2ad-fd292a5a97af"
    },
    "mario_small_35": {
      "__uuid__": "28aae8e8-ecfe-471d-aee4-c0f403e12bf1"
    },
    "mario_small_4": {
      "__uuid__": "85f9c245-6382-4f86-838a-0678a5037683"
    },
    "mario_small_5": {
      "__uuid__": "28b0c2ff-7b9c-42a5-a8a4-0c063d0eaa6a"
    },
    "mario_small_6": {
      "__uuid__": "71025f77-1787-4c9b-af24-d6b6196f5dfa"
    },
    "mario_small_7": {
      "__uuid__": "de6fc4ea-4475-4f01-af2b-78f17561aacf"
    },
    "mario_small_8": {
      "__uuid__": "d37f332e-5505-40d9-b975-337ef88fcb18"
    },
    "mario_small_9": {
      "__uuid__": "35e4b579-e6d3-4915-874a-27a0e7a49af0"
    }
  }
}