{
  "__type__": "cc.BitmapFont",
  "_name": "white_font",
  "_objFlags": 0,
  "_native": "",
  "fntDataStr": "",
  "spriteFrame": {
    "__uuid__": "7347d356-be57-49fb-b88c-6fbeb1ca52e8"
  },
  "fontSize": 32,
  "_fntConfig": {
    "commonHeight": 32,
    "fontSize": 32,
    "atlasName": "white_font.png",
    "fontDefDictionary": {
      "48": {
        "rect": {
          "x": 88,
          "y": 18,
          "width": 8,
          "height": 7
        },
        "xOffset": 0,
        "yOffset": 0,
        "xAdvance": 8
      },
      "49": {
        "rect": {
          "x": 97,
          "y": 18,
          "width": 5,
          "height": 7
        },
        "xOffset": 0,
        "yOffset": 0,
        "xAdvance": 5
      },
      "50": {
        "rect": {
          "x": 16,
          "y": 18,
          "width": 8,
          "height": 7
        },
        "xOffset": 0,
        "yOffset": 0,
        "xAdvance": 8
      },
      "51": {
        "rect": {
          "x": 79,
          "y": 18,
          "width": 8,
          "height": 7
        },
        "xOffset": 0,
        "yOffset": 0,
        "xAdvance": 8
      },
      "52": {
        "rect": {
          "x": 70,
          "y": 18,
          "width": 8,
          "height": 7
        },
        "xOffset": 0,
        "yOffset": 0,
        "xAdvance": 8
      },
      "53": {
        "rect": {
          "x": 61,
          "y": 18,
          "width": 8,
          "height": 7
        },
        "xOffset": 0,
        "yOffset": 0,
        "xAdvance": 8
      },
      "54": {
        "rect": {
          "x": 52,
          "y": 18,
          "width": 8,
          "height": 7
        },
        "xOffset": 0,
        "yOffset": 0,
        "xAdvance": 8
      },
      "55": {
        "rect": {
          "x": 43,
          "y": 18,
          "width": 8,
          "height": 7
        },
        "xOffset": 0,
        "yOffset": 0,
        "xAdvance": 8
      },
      "56": {
        "rect": {
          "x": 34,
          "y": 18,
          "width": 8,
          "height": 7
        },
        "xOffset": 0,
        "yOffset": 0,
        "xAdvance": 8
      },
      "57": {
        "rect": {
          "x": 25,
          "y": 18,
          "width": 8,
          "height": 7
        },
        "xOffset": 0,
        "yOffset": 0,
        "xAdvance": 8
      },
      "65": {
        "rect": {
          "x": 90,
          "y": 0,
          "width": 8,
          "height": 8
        },
        "xOffset": 0,
        "yOffset": 0,
        "xAdvance": 8
      },
      "66": {
        "rect": {
          "x": 99,
          "y": 0,
          "width": 8,
          "height": 8
        },
        "xOffset": 0,
        "yOffset": 0,
        "xAdvance": 8
      },
      "67": {
        "rect": {
          "x": 0,
          "y": 9,
          "width": 8,
          "height": 8
        },
        "xOffset": 0,
        "yOffset": 0,
        "xAdvance": 8
      },
      "68": {
        "rect": {
          "x": 9,
          "y": 9,
          "width": 8,
          "height": 8
        },
        "xOffset": 0,
        "yOffset": 0,
        "xAdvance": 8
      },
      "69": {
        "rect": {
          "x": 18,
          "y": 9,
          "width": 8,
          "height": 8
        },
        "xOffset": 0,
        "yOffset": 0,
        "xAdvance": 8
      },
      "70": {
        "rect": {
          "x": 27,
          "y": 9,
          "width": 8,
          "height": 8
        },
        "xOffset": 0,
        "yOffset": 0,
        "xAdvance": 8
      },
      "71": {
        "rect": {
          "x": 36,
          "y": 9,
          "width": 8,
          "height": 8
        },
        "xOffset": 0,
        "yOffset": 0,
        "xAdvance": 8
      },
      "72": {
        "rect": {
          "x": 45,
          "y": 9,
          "width": 8,
          "height": 8
        },
        "xOffset": 0,
        "yOffset": 0,
        "xAdvance": 8
      },
      "73": {
        "rect": {
          "x": 9,
          "y": 18,
          "width": 6,
          "height": 8
        },
        "xOffset": 0,
        "yOffset": 0,
        "xAdvance": 6
      },
      "74": {
        "rect": {
          "x": 81,
          "y": 0,
          "width": 8,
          "height": 8
        },
        "xOffset": 0,
        "yOffset": 0,
        "xAdvance": 8
      },
      "75": {
        "rect": {
          "x": 72,
          "y": 0,
          "width": 8,
          "height": 8
        },
        "xOffset": 0,
        "yOffset": 0,
        "xAdvance": 8
      },
      "76": {
        "rect": {
          "x": 63,
          "y": 0,
          "width": 8,
          "height": 8
        },
        "xOffset": 0,
        "yOffset": 0,
        "xAdvance": 8
      },
      "77": {
        "rect": {
          "x": 54,
          "y": 0,
          "width": 8,
          "height": 8
        },
        "xOffset": 0,
        "yOffset": 0,
        "xAdvance": 8
      },
      "78": {
        "rect": {
          "x": 45,
          "y": 0,
          "width": 8,
          "height": 8
        },
        "xOffset": 0,
        "yOffset": 0,
        "xAdvance": 8
      },
      "79": {
        "rect": {
          "x": 36,
          "y": 0,
          "width": 8,
          "height": 8
        },
        "xOffset": 0,
        "yOffset": 0,
        "xAdvance": 8
      },
      "80": {
        "rect": {
          "x": 27,
          "y": 0,
          "width": 8,
          "height": 8
        },
        "xOffset": 0,
        "yOffset": 0,
        "xAdvance": 8
      },
      "81": {
        "rect": {
          "x": 18,
          "y": 0,
          "width": 8,
          "height": 8
        },
        "xOffset": 0,
        "yOffset": 0,
        "xAdvance": 8
      },
      "82": {
        "rect": {
          "x": 9,
          "y": 0,
          "width": 8,
          "height": 8
        },
        "xOffset": 0,
        "yOffset": 0,
        "xAdvance": 8
      },
      "83": {
        "rect": {
          "x": 54,
          "y": 9,
          "width": 8,
          "height": 8
        },
        "xOffset": 0,
        "yOffset": 0,
        "xAdvance": 8
      },
      "84": {
        "rect": {
          "x": 63,
          "y": 9,
          "width": 8,
          "height": 8
        },
        "xOffset": 0,
        "yOffset": 0,
        "xAdvance": 8
      },
      "85": {
        "rect": {
          "x": 72,
          "y": 9,
          "width": 8,
          "height": 8
        },
        "xOffset": 0,
        "yOffset": 0,
        "xAdvance": 8
      },
      "86": {
        "rect": {
          "x": 81,
          "y": 9,
          "width": 8,
          "height": 8
        },
        "xOffset": 0,
        "yOffset": 0,
        "xAdvance": 8
      },
      "87": {
        "rect": {
          "x": 90,
          "y": 9,
          "width": 8,
          "height": 8
        },
        "xOffset": 0,
        "yOffset": 0,
        "xAdvance": 8
      },
      "88": {
        "rect": {
          "x": 99,
          "y": 9,
          "width": 8,
          "height": 8
        },
        "xOffset": 0,
        "yOffset": 0,
        "xAdvance": 8
      },
      "89": {
        "rect": {
          "x": 0,
          "y": 18,
          "width": 8,
          "height": 8
        },
        "xOffset": 0,
        "yOffset": 0,
        "xAdvance": 8
      },
      "90": {
        "rect": {
          "x": 0,
          "y": 0,
          "width": 8,
          "height": 8
        },
        "xOffset": 0,
        "yOffset": 0,
        "xAdvance": 8
      }
    },
    "kerningDict": {}
  },
  "_fontDefDictionary": null
}