[[{"__type__":"cc.SceneAsset","_name":"lose","scene":{"__id__":1},"asyncLoadAssets":null},{"__type__":"cc.Scene","_name":"New Node","_children":[{"__id__":2},{"__id__":4}],"_anchorPoint":{"__type__":"cc.Vec2"},"_trs":{"__type__":"TypedArray","ctor":"Float64Array","array":[0,0,0,0,0,0,1,1,1,1]},"autoReleaseAssets":false},{"__type__":"cc.Node","_name":"Canvas","_parent":{"__id__":1},"_children":[{"__id__":3}],"_components":[{"__type__":"cc.Canvas","node":{"__id__":2}}],"_contentSize":{"__type__":"cc.Size","width":960,"height":640},"_trs":{"__type__":"TypedArray","ctor":"Float64Array","array":[480,320,0,0,0,0,1,1,1,1]},"_id":"264jSmY9lPq4bpEpgbg9AK"},{"__type__":"cc.Node","_name":"Main Camera","_parent":{"__id__":2},"_components":[{"__type__":"cc.Camera","node":{"__id__":3},"_clearFlags":7,"_depth":-1,"_zoomRatio":0.7}],"_trs":{"__type__":"TypedArray","ctor":"Float64Array","array":[-9.143,-29.714,554.2562584220408,0,0,0,1,1,1,1]}},{"__type__":"cc.Node","_name":"New Sprite","_parent":{"__id__":1},"_components":[{"__type__":"cc.Sprite","node":{"__id__":4},"_materials":[{"__uuid__":"ecpdLyjvZBwrvm+cedCcQy"}],"_spriteFrame":{"__uuid__":"e8EwiYtMxPMrkYHtOnqw4l"}},{"__type__":"e60f239xM1OGpTzM6eL2YiN","node":{"__id__":4}}],"_contentSize":{"__type__":"cc.Size","width":1400,"height":1050},"_trs":{"__type__":"TypedArray","ctor":"Float64Array","array":[477.714,308.571,0,0,0,0,1,1,1,1]},"_id":"671aKDTpZMR6MTw+NoY+j4"}],{"__type__":"cc.SpriteFrame","content":{"name":"maxresdefault","texture":"8andIh65RJYrgVbFF9u93s","rect":[0,0,1400,1050],"offset":[0,0],"originalSize":[1400,1050],"capInsets":[0,0,0,0]}}]