{
  "__type__": "cc.SpriteAtlas",
  "_name": "Turtle.plist",
  "_objFlags": 0,
  "_native": "",
  "_spriteFrames": {
    "turtle_0": {
      "__uuid__": "a30d81e4-c4f9-441f-904d-527dc8749bb5"
    },
    "turtle_1": {
      "__uuid__": "05f4f363-9f21-48d6-81e1-af9193f76a07"
    },
    "turtle_2": {
      "__uuid__": "95c09494-ce26-4380-b130-469e76fb0bbd"
    },
    "turtle_3": {
      "__uuid__": "38346e2c-0406-499b-bd1f-fcde6097c5f7"
    },
    "turtle_4": {
      "__uuid__": "92aab8c2-ba90-425d-a01b-c82e16b8ad77"
    },
    "turtle_5": {
      "__uuid__": "b5db4151-bbee-4205-9352-a187241848da"
    }
  }
}