{
  "9836134e-b892-4283-b6b2-78b5acf3ed45": {
    "asset": 1577454458000,
    "meta": 1577454458000,
    "relativePath": "effects"
  },
  "f8e6b000-5643-4b86-9080-aa680ce1f599": {
    "asset": 1577454458000,
    "meta": 1577454458000,
    "relativePath": "image"
  },
  "5c3eedba-6c41-4c0c-9ba7-d91f813cbd1c": {
    "asset": 1577454458000,
    "meta": 1577454458000,
    "relativePath": "materials"
  },
  "fc09f9bd-2cce-4605-b630-8145ef809ed6": {
    "asset": 1577454458000,
    "meta": 1577454458000,
    "relativePath": "misc"
  },
  "db019bf7-f71c-4111-98cf-918ea180cb48": {
    "asset": 1577454458000,
    "meta": 1577454458000,
    "relativePath": "model"
  },
  "e39e96e6-6f6e-413f-bcf1-ac7679bb648a": {
    "asset": 1577454458000,
    "meta": 1577454458000,
    "relativePath": "model/prefab"
  },
  "f6e6dd15-71d1-4ffe-ace7-24fd39942c05": {
    "asset": 1577454458000,
    "meta": 1577454458000,
    "relativePath": "obsolete"
  },
  "f743d2b6-b7ea-4c14-a55b-547ed4d0a045": {
    "asset": 1577454458000,
    "meta": 1577454458000,
    "relativePath": "particle"
  },
  "ae6c6c98-11e4-452f-8758-75f5c6a56e83": {
    "asset": 1577454458000,
    "meta": 1577454458000,
    "relativePath": "prefab"
  },
  "a3ee0214-b432-4865-9666-4a3211814282": {
    "asset": 1577454458000,
    "meta": 1577454458000,
    "relativePath": "prefab/light"
  },
  "d8afc78c-4eac-4a9f-83dd-67bc70344d33": {
    "asset": 1577454458000,
    "meta": 1577454458000,
    "relativePath": "resources"
  },
  "294c1663-4adf-4a1e-a795-53808011a38a": {
    "asset": 1577454458000,
    "meta": 1577454458000,
    "relativePath": "resources/effects"
  },
  "bbee2217-c261-49bd-a8ce-708d6bcc3500": {
    "asset": 1577454458000,
    "meta": 1577454458000,
    "relativePath": "resources/materials"
  },
  "2f1a9343-961e-4b7d-a19e-88e1ea5e9314": {
    "asset": 1621044404667,
    "meta": 1620993260043,
    "relativePath": "scene"
  },
  "0847c397-f834-4027-84ac-6116644497ba": {
    "asset": 1622122825548,
    "meta": 1620993260044,
    "relativePath": "script"
  },
  "fc144455-bdea-47f9-8fa2-758d4170454d": {
    "asset": 1622121208276,
    "meta": 1622121208285,
    "relativePath": "scene/menu.fire"
  },
  "8fc856c4-e75b-4e48-b7fd-bf3a4ea4ce0c": {
    "asset": 1622125164267,
    "meta": 1622125164275,
    "relativePath": "scene/stage1-1.fire"
  },
  "8164acde-f43d-4cb3-9a7f-fae8d23f468a": {
    "asset": 1621047138292,
    "meta": 1621044080692,
    "relativePath": "map"
  },
  "56bd1017-dc41-4024-850e-743d28f0dfd6": {
    "asset": 1621044552980,
    "meta": 1621044086796,
    "relativePath": "enemies"
  },
  "dc3496e7-7104-48cb-a3be-48bc54128f3d": {
    "asset": 1621777065834,
    "meta": 1621044096432,
    "relativePath": "audio"
  },
  "e5de5ac2-3044-4870-b103-bf103abf1be1": {
    "asset": 1621045285538,
    "meta": 1621044168556,
    "relativePath": "player"
  },
  "165bc4f7-f181-49e1-95a8-5242fb3e252a": {
    "asset": 1621044346289,
    "meta": 1621044346293,
    "relativePath": "scene/stage1-2.fire"
  },
  "46505e03-4a64-40a9-8099-af5c6c214840": {
    "asset": 1621044407593,
    "meta": 1621044407597,
    "relativePath": "scene/life.fire"
  },
  "969cffd2-89ba-446b-b837-272093b00b39": {
    "asset": 1622122963573,
    "meta": 1622122963579,
    "relativePath": "scene/lose.fire"
  },
  "5f4d172e-386d-465a-a763-2a10233e4c33": {
    "asset": 1622122952483,
    "meta": 1622122952488,
    "relativePath": "scene/win.fire"
  },
  "abebe7d2-d096-4473-89b0-2a832d64530c": {
    "asset": 1621044417211,
    "meta": 1621044417212,
    "relativePath": "player/image"
  },
  "93cd3d65-c05c-4b63-a565-221fc327cecd": {
    "asset": 1622123520909,
    "meta": 1621044431300,
    "relativePath": "player/animation"
  },
  "aa5b1dc6-93cc-499f-aa54-444e12b548bc": {
    "asset": 1622122570704,
    "meta": 1621044471947,
    "relativePath": "map/1-1"
  },
  "41bb07ed-e4d3-4342-abed-c4de311937dd": {
    "asset": 1621044477621,
    "meta": 1621044477622,
    "relativePath": "map/1-2"
  },
  "6dbb0a64-6320-41d4-b52b-758cdcd9f4b5": {
    "asset": 1621044490094,
    "meta": 1621044490095,
    "relativePath": "map/flag"
  },
  "83ecbf7f-321c-4bb1-9147-0b89328b7e55": {
    "asset": 1621045514061,
    "meta": 1621044523900,
    "relativePath": "enemies/mushroom"
  },
  "64c39a57-0fca-4361-a32e-fe678568b829": {
    "asset": 1621045521736,
    "meta": 1621044544014,
    "relativePath": "enemies/flower"
  },
  "dcf04169-12fd-49cc-bddb-99e537b34a11": {
    "asset": 1621045508066,
    "meta": 1621044550059,
    "relativePath": "enemies/turtle"
  },
  "170225a8-a000-46d3-8330-e0b0000adc8d": {
    "asset": 1621046496717,
    "meta": 1621045231001,
    "relativePath": "player/atlas"
  },
  "a23d1277-e443-4bdf-b212-35d7662d6855": {
    "asset": 1586782406000,
    "meta": 1621045295187,
    "relativePath": "player/atlas/mario_big.plist"
  },
  "6fefc004-9b4c-46d4-affa-4f56aaf7c2e8": {
    "asset": 1586965510000,
    "meta": 1621045295219,
    "relativePath": "player/atlas/mario_small.plist"
  },
  "7d1c7b1a-8e21-4a2c-bc95-b7b79b54348c": {
    "asset": 1586782406000,
    "meta": 1621045295152,
    "relativePath": "player/atlas/mario_big.png"
  },
  "7e980d55-3cea-45aa-ac61-7cd2fc00e230": {
    "asset": 1586965510000,
    "meta": 1621045295154,
    "relativePath": "player/atlas/mario_small.png"
  },
  "395e2292-e2c6-4e3e-a016-948bd1211f30": {
    "asset": 1621045521736,
    "meta": 1621045352770,
    "relativePath": "enemies/flower/atlas"
  },
  "cb6084a7-e319-4b73-ba23-44a1c32076d3": {
    "asset": 1621045514061,
    "meta": 1621045362833,
    "relativePath": "enemies/mushroom/atlas"
  },
  "fc2ced4d-37f0-4b6a-aa35-bc831dbaec6d": {
    "asset": 1621045508066,
    "meta": 1621045368707,
    "relativePath": "enemies/turtle/atlas"
  },
  "bec16640-7df9-4a74-9946-47bce738627d": {
    "asset": 1621045382865,
    "meta": 1621045382866,
    "relativePath": "enemies/flower/animation"
  },
  "dd05bb02-10e1-4713-bdda-b454e76be28e": {
    "asset": 1621045396000,
    "meta": 1621045396001,
    "relativePath": "enemies/mushroom/animation"
  },
  "aec121a8-cc44-4b58-bcc7-a6efdd0c7865": {
    "asset": 1621045403893,
    "meta": 1621045403894,
    "relativePath": "enemies/turtle/animation"
  },
  "96b01474-f530-4f06-aaa2-72caa02823cc": {
    "asset": 1588686988000,
    "meta": 1621045497696,
    "relativePath": "enemies/flower/atlas/Flower.plist"
  },
  "a012c6df-1dec-4d2b-9c73-fda553214c5d": {
    "asset": 1588673708000,
    "meta": 1621045497702,
    "relativePath": "enemies/mushroom/atlas/Goomba.plist"
  },
  "e7cb8b0e-284d-4081-a9d3-441fae55f682": {
    "asset": 1588686988000,
    "meta": 1621045497642,
    "relativePath": "enemies/flower/atlas/Flower.png"
  },
  "10ea39ef-a8a6-4172-af59-4cd74abfebaf": {
    "asset": 1588767134000,
    "meta": 1621045497707,
    "relativePath": "enemies/turtle/atlas/Turtle.plist"
  },
  "f4b44730-a396-4c1e-a9bc-4d1c0efd5381": {
    "asset": 1588673708000,
    "meta": 1621045497653,
    "relativePath": "enemies/mushroom/atlas/Goomba.png"
  },
  "3c7c8fb1-1820-4cfc-bdfd-b990a49b346a": {
    "asset": 1588767134000,
    "meta": 1621045497655,
    "relativePath": "enemies/turtle/atlas/Turtle.png"
  },
  "639af6a9-aba7-48d4-a46a-88268219d5d7": {
    "asset": 1621047094902,
    "meta": 1621045632983,
    "relativePath": "menu"
  },
  "91a32456-ffd5-49e9-ad3f-4b80ad399549": {
    "asset": 1622122725428,
    "meta": 1621045684109,
    "relativePath": "menu/atlas"
  },
  "bd618fcd-c05a-4970-86fd-3778d1461368": {
    "asset": 1589264176000,
    "meta": 1621045824341,
    "relativePath": "audio/bgm_1.mp3"
  },
  "60f8cdbf-4d5c-4e9b-a9c3-1300c3ff4dc6": {
    "asset": 1589266134000,
    "meta": 1621045824343,
    "relativePath": "audio/bgm_2.mp3"
  },
  "9c926df4-0ebd-472e-8991-d700e307ac19": {
    "asset": 1589224756000,
    "meta": 1621045824346,
    "relativePath": "audio/coin.wav"
  },
  "6bf44e10-3fa3-47d2-9164-e58c2b948c9e": {
    "asset": 1589225010000,
    "meta": 1621045824351,
    "relativePath": "audio/Game Over.mp3"
  },
  "77114d6c-2c27-4e3e-a6e7-b4b53eb00674": {
    "asset": 1589264106000,
    "meta": 1621045824356,
    "relativePath": "audio/Game Over2.mp3"
  },
  "e717b22a-188a-474b-8479-b72a2c3f34e3": {
    "asset": 1589224790000,
    "meta": 1621045824367,
    "relativePath": "audio/jump.wav"
  },
  "562bb17c-1248-49f0-92c9-123cebfa6ff2": {
    "asset": 1589269262000,
    "meta": 1621045824377,
    "relativePath": "audio/kick.wav"
  },
  "21b0a9c8-2118-4100-a3fb-ed727b3221f0": {
    "asset": 1589266148000,
    "meta": 1621045824380,
    "relativePath": "audio/bgm_3.mp3"
  },
  "3f8dd429-da1f-446a-a9f8-3d754f9c88df": {
    "asset": 1589224750000,
    "meta": 1621045824394,
    "relativePath": "audio/loseOneLife.wav"
  },
  "dc27582f-81a9-4729-b019-f489920804cb": {
    "asset": 1589268304000,
    "meta": 1621045824395,
    "relativePath": "audio/levelClear.mp3"
  },
  "e58f92de-2a96-43bd-9421-498881e14182": {
    "asset": 1589270554000,
    "meta": 1621045824403,
    "relativePath": "audio/powerDown.wav"
  },
  "266932ad-1843-4453-9709-2aca5b361b46": {
    "asset": 1589263780000,
    "meta": 1621045824407,
    "relativePath": "audio/PowerUp.mp3"
  },
  "a3d489b6-b96e-4d5c-b525-5eef3ee2f51b": {
    "asset": 1589269484000,
    "meta": 1621045824412,
    "relativePath": "audio/powerUpAppear.wav"
  },
  "d7995f01-6e19-4d83-b845-dc7a397493d2": {
    "asset": 1589224786000,
    "meta": 1621045824415,
    "relativePath": "audio/reserve.wav"
  },
  "bd0fb930-16f2-4050-81a2-45051d02edd4": {
    "asset": 1589269454000,
    "meta": 1621045824418,
    "relativePath": "audio/stomp.wav"
  },
  "9029f68e-2dee-46d9-ad40-1e84f4dfc1cd": {
    "asset": 1588336860000,
    "meta": 1621046040015,
    "relativePath": "player/atlas/mario_fire.png"
  },
  "96c539a4-d0b8-4077-b026-b5c49340cdc5": {
    "asset": 1621665665690,
    "meta": 1621665682433,
    "relativePath": "map/1-1/stand_ground.png"
  },
  "0f51feba-5074-432e-b6e1-675ad36b47e2": {
    "asset": 1621770377290,
    "meta": 1621770497202,
    "relativePath": "map/1-1/1-1-2.png"
  },
  "4df20da5-147b-4bba-9b87-a3501adc1934": {
    "asset": 1621770319282,
    "meta": 1621770497216,
    "relativePath": "map/1-1/1-1-1.png"
  },
  "2cabace9-f705-4b86-8b97-0e9f550fbaec": {
    "asset": 1621770426297,
    "meta": 1621770497243,
    "relativePath": "map/1-1/1-1-4.png"
  },
  "67c21636-c4b8-4302-88df-0927ca2a2c29": {
    "asset": 1621770403018,
    "meta": 1621770497247,
    "relativePath": "map/1-1/1-1-3.png"
  },
  "45ae2e66-1ed7-430b-bfc4-f2a5d650f453": {
    "asset": 1621777079492,
    "meta": 1621777057860,
    "relativePath": "font"
  },
  "6390e137-3ad1-4993-a0a6-42cc5183ec1b": {
    "asset": 1588956526000,
    "meta": 1621777079566,
    "relativePath": "font/white_font.fnt"
  },
  "4ff88c64-1177-4dc4-a2c7-c370f5282ad5": {
    "asset": 1588958962000,
    "meta": 1621777079567,
    "relativePath": "font/yellow_font.fnt"
  },
  "784dff40-a15b-42e3-b0bd-f1203f89820e": {
    "asset": 1588958962000,
    "meta": 1621777079557,
    "relativePath": "font/yellow_font.png"
  },
  "3f9d552e-5538-4b3d-b61d-a4dc8ef15ff9": {
    "asset": 1588956526000,
    "meta": 1621777079558,
    "relativePath": "font/white_font.png"
  },
  "ae110a54-23ab-4276-adda-c2a9b78eeea9": {
    "asset": 1622036083461,
    "meta": 1622036160251,
    "relativePath": "map/1-1/mario 1-1.tmx"
  },
  "d6e448fc-b3b9-49a3-87df-bd078dcb7fd2": {
    "asset": 1622036095550,
    "meta": 1622036160243,
    "relativePath": "map/1-1/mario 1-1.png"
  },
  "fba95fc4-25d4-4c56-a84e-f0d1d1f336b4": {
    "asset": 1622054403232,
    "meta": 1622054446154,
    "relativePath": "map/1-1/mario_2-1.png"
  },
  "396c27ed-53a8-44ca-b3e8-cabbdf9e3b97": {
    "asset": 1622093712114,
    "meta": 1622093742328,
    "relativePath": "map/1-1/background.png"
  },
  "8463f151-56b9-4ff0-ab78-f0ade9c1d183": {
    "asset": 1622094475628,
    "meta": 1622094476156,
    "relativePath": "script/camera.ts"
  },
  "430eccbf-bf2c-4e6e-8c0c-884bbb487f32": {
    "asset": 1577454458000,
    "meta": 1622102230804,
    "relativePath": "effects/__builtin-editor-gizmo-line.effect"
  },
  "6c5cf6e1-b044-4eac-9431-835644d57381": {
    "asset": 1577454458000,
    "meta": 1622102230805,
    "relativePath": "effects/__builtin-editor-gizmo-unlit.effect"
  },
  "115286d1-2e10-49ee-aab4-341583f607e8": {
    "asset": 1577454458000,
    "meta": 1622102230816,
    "relativePath": "effects/__builtin-editor-gizmo.effect"
  },
  "abc2cb62-7852-4525-a90d-d474487b88f2": {
    "asset": 1577454458000,
    "meta": 1622123604032,
    "relativePath": "effects/builtin-phong.effect"
  },
  "e2f00085-c597-422d-9759-52c360279106": {
    "asset": 1577454458000,
    "meta": 1622123604033,
    "relativePath": "effects/builtin-toon.effect"
  },
  "71561142-4c83-4933-afca-cb7a17f67053": {
    "asset": 1577454458000,
    "meta": 1622123604125,
    "relativePath": "image/default_btn_disabled.png"
  },
  "e851e89b-faa2-4484-bea6-5c01dd9f06e2": {
    "asset": 1577454458000,
    "meta": 1622123604126,
    "relativePath": "image/default_btn_normal.png"
  },
  "b43ff3c2-02bb-4874-81f7-f2dea6970f18": {
    "asset": 1577454458000,
    "meta": 1622123604135,
    "relativePath": "image/default_btn_pressed.png"
  },
  "edd215b9-2796-4a05-aaf5-81f96c9281ce": {
    "asset": 1577454458000,
    "meta": 1622123604136,
    "relativePath": "image/default_editbox_bg.png"
  },
  "d81ec8ad-247c-4e62-aa3c-d35c4193c7af": {
    "asset": 1577454458000,
    "meta": 1622123604143,
    "relativePath": "image/default_panel.png"
  },
  "99170b0b-d210-46f1-b213-7d9e3f23098a": {
    "asset": 1577454458000,
    "meta": 1622123604144,
    "relativePath": "image/default_progressbar_bg.png"
  },
  "567dcd80-8bf4-4535-8a5a-313f1caf078a": {
    "asset": 1577454458000,
    "meta": 1622123604157,
    "relativePath": "image/default_radio_button_off.png"
  },
  "cfef78f1-c8df-49b7-8ed0-4c953ace2621": {
    "asset": 1577454458000,
    "meta": 1622123604151,
    "relativePath": "image/default_progressbar.png"
  },
  "9d60001f-b5f4-4726-a629-2659e3ded0b8": {
    "asset": 1577454458000,
    "meta": 1622123604164,
    "relativePath": "image/default_radio_button_on.png"
  },
  "4bab67cb-18e6-4099-b840-355f0473f890": {
    "asset": 1577454458000,
    "meta": 1622123604165,
    "relativePath": "image/default_scrollbar_bg.png"
  },
  "617323dd-11f4-4dd3-8eec-0caf6b3b45b9": {
    "asset": 1577454458000,
    "meta": 1622123604176,
    "relativePath": "image/default_scrollbar_vertical_bg.png"
  },
  "d6d3ca85-4681-47c1-b5dd-d036a9d39ea2": {
    "asset": 1577454458000,
    "meta": 1622123604175,
    "relativePath": "image/default_scrollbar_vertical.png"
  },
  "0275e94c-56a7-410f-bd1a-fc7483f7d14a": {
    "asset": 1577454458000,
    "meta": 1622123604183,
    "relativePath": "image/default_sprite_splash.png"
  },
  "0291c134-b3da-4098-b7b5-e397edbe947f": {
    "asset": 1577454458000,
    "meta": 1622123604184,
    "relativePath": "image/default_scrollbar.png"
  },
  "73a0903d-d80e-4e3c-aa67-f999543c08f5": {
    "asset": 1577454458000,
    "meta": 1622123604193,
    "relativePath": "image/default_toggle_checkmark.png"
  },
  "6e056173-d285-473c-b206-40a7fff5386e": {
    "asset": 1577454458000,
    "meta": 1622123604192,
    "relativePath": "image/default_sprite.png"
  },
  "c25b9d50-c8fc-4d27-beeb-6e7c1f2e5c0f": {
    "asset": 1577454458000,
    "meta": 1622123604202,
    "relativePath": "image/default_toggle_disabled.png"
  },
  "d29077ba-1627-4a72-9579-7b56a235340c": {
    "asset": 1577454458000,
    "meta": 1622123604203,
    "relativePath": "image/default_toggle_normal.png"
  },
  "c4480a0a-6ac5-443f-8b40-361a14257fc8": {
    "asset": 1577454458000,
    "meta": 1622123604205,
    "relativePath": "materials/builtin-phong.mtl"
  },
  "2be36297-9abb-4fee-8049-9ed5e271da8a": {
    "asset": 1577454458000,
    "meta": 1622123604210,
    "relativePath": "misc/default_video.mp4"
  },
  "a87cc147-01b2-43f8-8e42-a7ca90b0c757": {
    "asset": 1619509493961,
    "meta": 1622123604214,
    "relativePath": "model/prefab/box.prefab"
  },
  "b181c1e4-0a72-4a91-bfb0-ae6f36ca60bd": {
    "asset": 1577454458000,
    "meta": 1622123604211,
    "relativePath": "image/default_toggle_pressed.png"
  },
  "fe1417b6-fe6b-46a4-ae7c-9fd331f33a2a": {
    "asset": 1619509493962,
    "meta": 1622123604214,
    "relativePath": "model/prefab/capsule.prefab"
  },
  "b5fc2cf2-7942-483d-be1f-bbeadc4714ad": {
    "asset": 1619509493964,
    "meta": 1622123604216,
    "relativePath": "model/prefab/cone.prefab"
  },
  "1c5e4038-953a-44c2-b620-0bbfc6170477": {
    "asset": 1619509493965,
    "meta": 1622123604217,
    "relativePath": "model/prefab/cylinder.prefab"
  },
  "3f376125-a699-40ca-ad05-04d662eaa1f2": {
    "asset": 1619509493967,
    "meta": 1622123604219,
    "relativePath": "model/prefab/plane.prefab"
  },
  "6c9ef10d-b479-420b-bfe6-39cdda6a8ae0": {
    "asset": 1619509493967,
    "meta": 1622123604220,
    "relativePath": "model/prefab/quad.prefab"
  },
  "2d9a4b85-b0ab-4c46-84c5-18f393ab2058": {
    "asset": 1619509493969,
    "meta": 1622123604223,
    "relativePath": "model/prefab/sphere.prefab"
  },
  "de510076-056b-484f-b94c-83bef217d0e1": {
    "asset": 1619509493970,
    "meta": 1622123604232,
    "relativePath": "model/prefab/torus.prefab"
  },
  "8a96b965-2dc0-4e03-aa90-3b79cb93b5b4": {
    "asset": 1577454458000,
    "meta": 1622123604243,
    "relativePath": "obsolete/atom.png"
  },
  "b8223619-7e38-47c4-841f-9160c232495a": {
    "asset": 1577454458000,
    "meta": 1622123604436,
    "relativePath": "obsolete/atom.plist"
  },
  "d0a82d39-bede-46c4-b698-c81ff0dedfff": {
    "asset": 1577454458000,
    "meta": 1622123604251,
    "relativePath": "particle/atom.png"
  },
  "b2687ac4-099e-403c-a192-ff477686f4f5": {
    "asset": 1577454458000,
    "meta": 1622123604437,
    "relativePath": "particle/atom.plist"
  },
  "972b9a4d-47ee-4c74-b5c3-61d8a69bc29f": {
    "asset": 1619509494013,
    "meta": 1622123604253,
    "relativePath": "prefab/button.prefab"
  },
  "897ef7a1-4860-4f64-968d-f5924b18668a": {
    "asset": 1619509494015,
    "meta": 1622123604254,
    "relativePath": "prefab/camera.prefab"
  },
  "2c937608-2562-40ea-b264-7395df6f0cea": {
    "asset": 1619509494018,
    "meta": 1622123604256,
    "relativePath": "prefab/canvas.prefab"
  },
  "61aeb05b-3b32-452b-8eed-2b76deeed554": {
    "asset": 1619509494020,
    "meta": 1622123604258,
    "relativePath": "prefab/editbox.prefab"
  },
  "27756ebb-3d33-44b0-9b96-e858fadd4dd4": {
    "asset": 1619509494022,
    "meta": 1622123604259,
    "relativePath": "prefab/label.prefab"
  },
  "785a442c-3ceb-45be-a46e-7317f625f3b9": {
    "asset": 1619509494024,
    "meta": 1622123604261,
    "relativePath": "prefab/layout.prefab"
  },
  "61906da3-7003-4bda-9abc-5769c76faee4": {
    "asset": 1619509494026,
    "meta": 1622123604262,
    "relativePath": "prefab/light/ambient.prefab"
  },
  "ddb99b39-7004-47cd-9705-751905c43c46": {
    "asset": 1619509494028,
    "meta": 1622123604264,
    "relativePath": "prefab/light/directional.prefab"
  },
  "0cf30284-9073-46bc-9eba-e62b69dbbff3": {
    "asset": 1619509494030,
    "meta": 1622123604265,
    "relativePath": "prefab/light/point.prefab"
  },
  "f5331fd2-bf42-4ee3-a3fd-3e1657600eff": {
    "asset": 1619509494031,
    "meta": 1622123604266,
    "relativePath": "prefab/light/spot.prefab"
  },
  "ca8401fe-ad6e-41a8-bd46-8e3e4e9945be": {
    "asset": 1619509494034,
    "meta": 1622123604270,
    "relativePath": "prefab/pageview.prefab"
  },
  "cd33edea-55f5-46c2-958d-357a01384a36": {
    "asset": 1619509494037,
    "meta": 1622123604272,
    "relativePath": "prefab/particlesystem.prefab"
  },
  "5965ffac-69da-4b55-bcde-9225d0613c28": {
    "asset": 1619509494039,
    "meta": 1622123604275,
    "relativePath": "prefab/progressBar.prefab"
  },
  "4a37dd57-78cd-4cec-aad4-f11a73d12b63": {
    "asset": 1619509494041,
    "meta": 1622123604277,
    "relativePath": "prefab/richtext.prefab"
  },
  "32044bd2-481f-4cf1-a656-e2b2fb1594eb": {
    "asset": 1619509494045,
    "meta": 1622123604285,
    "relativePath": "prefab/scrollview.prefab"
  },
  "0004d1cf-a0ad-47d8-ab17-34d3db9d35a3": {
    "asset": 1619509494047,
    "meta": 1622123604287,
    "relativePath": "prefab/slider.prefab"
  },
  "1f55e3be-b89b-4b79-88de-47fd31018044": {
    "asset": 1619509494048,
    "meta": 1622123604289,
    "relativePath": "prefab/sprite_splash.prefab"
  },
  "96083d03-c332-4a3f-9386-d03e2d19e8ee": {
    "asset": 1619509494050,
    "meta": 1622123604303,
    "relativePath": "prefab/sprite.prefab"
  },
  "7de03a80-4457-438d-95a7-3e7cdffd6086": {
    "asset": 1619509494052,
    "meta": 1622123604317,
    "relativePath": "prefab/tiledmap.prefab"
  },
  "0e42ba95-1fa1-46aa-b2cf-143cd1bcee2c": {
    "asset": 1619509494053,
    "meta": 1622123604325,
    "relativePath": "prefab/tiledtile.prefab"
  },
  "0d784963-d024-4ea6-a7db-03be0ad63010": {
    "asset": 1619509494056,
    "meta": 1622123604342,
    "relativePath": "prefab/toggle.prefab"
  },
  "bf0a434c-84dd-4a8e-a08a-7a36f180cc75": {
    "asset": 1619509494060,
    "meta": 1622123604346,
    "relativePath": "prefab/toggleContainer.prefab"
  },
  "d1b8be49-b0a0-435c-83b7-552bed4bbe35": {
    "asset": 1619509494064,
    "meta": 1622123604352,
    "relativePath": "prefab/toggleGroup.prefab"
  },
  "232d2782-c4bd-4bb4-9e01-909f03d6d3b9": {
    "asset": 1619509494068,
    "meta": 1622123604361,
    "relativePath": "prefab/videoplayer.prefab"
  },
  "8c5001fd-07ee-4a4b-a8a0-63e15195e94d": {
    "asset": 1619509494070,
    "meta": 1622123604354,
    "relativePath": "prefab/webview.prefab"
  },
  "144c3297-af63-49e8-b8ef-1cfa29b3be28": {
    "asset": 1577454458000,
    "meta": 1622123604369,
    "relativePath": "resources/effects/builtin-2d-gray-sprite.effect"
  },
  "0e93aeaa-0b53-4e40-b8e0-6268b4e07bd7": {
    "asset": 1577454458000,
    "meta": 1622123604379,
    "relativePath": "resources/effects/builtin-2d-spine.effect"
  },
  "2874f8dd-416c-4440-81b7-555975426e93": {
    "asset": 1577454458000,
    "meta": 1622123604384,
    "relativePath": "resources/effects/builtin-2d-sprite.effect"
  },
  "c0040c95-c57f-49cd-9cbc-12316b73d0d4": {
    "asset": 1577454458000,
    "meta": 1622123604401,
    "relativePath": "resources/effects/builtin-clear-stencil.effect"
  },
  "79eafaef-b7ef-45d9-9c3f-591dc836fc7a": {
    "asset": 1577454458000,
    "meta": 1622123604414,
    "relativePath": "resources/effects/builtin-unlit-transparent.effect"
  },
  "6d91e591-4ce0-465c-809f-610ec95019c6": {
    "asset": 1577454458000,
    "meta": 1622123604415,
    "relativePath": "resources/effects/builtin-unlit.effect"
  },
  "6f801092-0c37-4f30-89ef-c8d960825b36": {
    "asset": 1577454458000,
    "meta": 1622123604417,
    "relativePath": "resources/materials/builtin-2d-base.mtl"
  },
  "3a7bb79f-32fd-422e-ada2-96f518fed422": {
    "asset": 1577454458000,
    "meta": 1622123604416,
    "relativePath": "resources/materials/builtin-2d-gray-sprite.mtl"
  },
  "7afd064b-113f-480e-b793-8817d19f63c3": {
    "asset": 1577454458000,
    "meta": 1622123604418,
    "relativePath": "resources/materials/builtin-2d-spine.mtl"
  },
  "eca5d2f2-8ef6-41c2-bbe6-f9c79d09c432": {
    "asset": 1577454458000,
    "meta": 1622123604418,
    "relativePath": "resources/materials/builtin-2d-sprite.mtl"
  },
  "cf7e0bb8-a81c-44a9-ad79-d28d43991032": {
    "asset": 1577454458000,
    "meta": 1622123604420,
    "relativePath": "resources/materials/builtin-clear-stencil.mtl"
  },
  "2a296057-247c-4a1c-bbeb-0548b6c98650": {
    "asset": 1577454458000,
    "meta": 1622123604420,
    "relativePath": "resources/materials/builtin-unlit.mtl"
  },
  "954fec8b-cd16-4bb9-a3b7-7719660e7558": {
    "asset": 1577454458000,
    "meta": 1622123610564,
    "relativePath": "model/primitives.fbx"
  },
  "f141f848-c113-4da0-bfaa-4e8bae2d133e": {
    "asset": 1622111903227,
    "meta": 1622111906684,
    "relativePath": "script/flower.ts"
  },
  "5d53f14e-565f-49cb-abf7-9d12cea6ddff": {
    "asset": 1622113462303,
    "meta": 1622113466583,
    "relativePath": "script/GameEngine.ts"
  },
  "ed4fe732-098c-4fd2-985c-a7e5c0149128": {
    "asset": 1622117479646,
    "meta": 1622117484498,
    "relativePath": "script/firebase.js"
  },
  "14e33582-bf70-4c33-b830-204c32b3bdd3": {
    "asset": 1589025566000,
    "meta": 1622118115350,
    "relativePath": "menu/atlas/menu_bg.png"
  },
  "61506087-b07d-47ab-9925-20ce4e95b88d": {
    "asset": 1589027196000,
    "meta": 1622120329696,
    "relativePath": "menu/atlas/title_1.png"
  },
  "05a54583-bb42-4497-8b89-e92ccd429f5e": {
    "asset": 1622120991340,
    "meta": 1622120993220,
    "relativePath": "script/menu.ts"
  },
  "28ef65e6-534c-4cd3-ba19-7af914c04075": {
    "asset": 1622121661096,
    "meta": 1622121666347,
    "relativePath": "script/mush.ts"
  },
  "1c1e6bfa-833a-4ba8-8f58-0c0091126113": {
    "asset": 1589051122000,
    "meta": 1622122014604,
    "relativePath": "map/1-1/flag.png"
  },
  "e1b2d7e2-9608-4eb0-9d4f-6357d5153bd9": {
    "asset": 1622122517019,
    "meta": 1622122585639,
    "relativePath": "menu/atlas/mkwin.jpg"
  },
  "8a9dd221-eb94-4962-b815-6c517dbbddec": {
    "asset": 1622122702640,
    "meta": 1622122713138,
    "relativePath": "menu/atlas/maxresdefault.0.jpg"
  },
  "e60f2dfd-c4cd-4e1a-94f3-33a78bd9888d": {
    "asset": 1622122925888,
    "meta": 1622122932300,
    "relativePath": "script/changescene.ts"
  },
  "e1eece40-824b-4f82-ac64-d5435e08ff52": {
    "asset": 1622123499723,
    "meta": 1622123499732,
    "relativePath": "player/animation/move.anim"
  },
  "148aa34e-2781-4b7b-8bf3-7cb0e525b208": {
    "asset": 1622124013647,
    "meta": 1622124013657,
    "relativePath": "player/animation/jump.anim"
  },
  "dfb2ea37-94ee-4cc2-a6f3-2cc6035fddbf": {
    "asset": 1622124772721,
    "meta": 1622124773296,
    "relativePath": "script/Player.ts"
  }
}